route_id,polyline
1,tu`nE}`noBj@k@PW`@q@JSTk@Xo@Ng@H_@XiAJa@FYLi@T_A@ITaAVmALu@Jg@F_@F]Fg@Do@B_@@[@c@Bm@@gAB_B?GB_@Ds@BgATcP?W?OCw@m@qYKkE?[?e@?O?a@C_@Ac@?GA[@Q?W?a@Aw@?UA{@C}ECoD?wBBy@@g@FiAJcBTwDTyDh@{I@QBY@_@@Q@m@@Q@[Du@Dw@^uG^iFBi@HmAFiADm@B]@]@O@w@?OB_@Be@@_@@Q@m@@U@[Bg@RqDJyADq@@i@@a@@y@?s@?cA?i@?s@?y@?e@@e@JuCj@}LD}@?k@?o@Aa@A]A]CYC[E_@Gc@WiBMaAIq@Ge@Go@Gm@I}Ao@uJ[kFa@cG]wFO{BImAi@qI]qFWcEG{@IiAKuAQoBUmCSgCi@gGc@iH\X]Yb@hHh@fGRfCTlCCm@Cq@CmABd@D\FbA?_@Cu@Es@Fp@Ht@Cq@Cy@Cw@GmACaACe@Aa@IcAC_@cAePGk@SoBQaBKaAMgAOqAIs@KgAIiAA{AIgAGaDEy@Ey@AUQmCKmAQcDCoC?OAa@Ce@Ac@Gq@C{@Ci@Ae@CqBA_BAaBAyAAcBMqS?SAs@Ac@A_@Cc@G{@AYEc@Ca@AM?K?w@Ai@Ak@Aa@Eq@Eq@I_AIm@K{@M_AGm@S_BMeAIs@Ca@s@gIi@qAh@pAo@iLMoBA_@Ae@Aa@?S@S@c@BWB]D_@F[DWH_@H[J]L[LYLUJUNUJONSLONQTSXW\Wf@c@dAu@b@Yj@]f@[nCwBpDoCvAgAvAgAx@o@l@c@v@i@d@Yf@W^S\Q`@Qd@Qt@YdGyBh@Qf@ORGXIVGREXETCTCPARAPAR?P?^?dAB|ADvAFl@@v@@V?T?PAVARARCVCTEXGZGRGTIPGPGVMTM\S^WZUXWb@e@V[NST]PWXi@FKBIPc@Xw@T}@VeAHYJa@Nc@L_@BQNo@T}@J]H[L_@Ts@Ni@Ps@Ps@xAoGSn@Ro@R_AfAyEZ}APiAXwAX{APgATyAFa@LkBRaBf@sFZsDD_@Di@ZoDf@cGNkB`@mGN_EH_CNgFVaJBcABy@@{@?i@?a@@w@@eA@}@@s@R_HIvBhbAovAzhBdItoCpLr_C_yCNOEgBYqJG_BA_@GoBEkAG{BC{@GgBE{AEs@CUEu@C_@CaAC_AI_CEwACcACi@?e@?c@@kA@c@@c@?OB]Bk@Bg@Hy@Fk@Ho@Fi@Ls@Ji@Jk@VeAV}@X}@X{@l@eB^gALg@Lg@Li@Ji@Hg@Hc@Da@D_@Fo@Bc@Bm@D}@@o@A_AA{@E}AGaBEuAE{@Cu@Cs@IeAC]QkBKeACa@IKHJ[aDWgCG{@Em@C]Ag@Ae@?k@?a@@g@@u@Di@De@Dc@De@Fa@Hc@Nw@T}@X}@L]Xs@^y@NWLW\m@^s@NWTg@HSXg@FIHOR[\o@FMj@kAp@wAp@sAb@_AhAcCr@{Ar@wAVi@t@}Ad@eAZw@Pk@JWLe@Ni@VeAF_@FYD]Fe@Ho@Dg@Dc@De@Bi@@g@@u@@m@?[Au@EoBSsHE`@Da@I{CIeDEsAOuBMuBGgAGaAIqBq@qRIcBo@}Pk@eOi@}NqAy]UeGQeEEiAMoD]X\YQyEEqACk@Ai@Aq@?e@?kA@gABk@Dy@@M@WDa@Fy@P}AFo@Hg@RuATuA`@kCNgARmAJy@DWLs@RiARw@L_@DOPg@Rg@Ti@N[R[T_@LSHKT[Z_@X[j@k@ROZUPMZQZS\O^Ql@SPGTIb@Mj@OlA[l@Ob@KtAa@n@QZKPGZO`AU|Bm@xA_@bCo@xEqAxBi@?O?N`Be@|@Uz@SRGjCq@bFsAr@QzCy@ZInA[dEgAfD}@vCw@|Cw@xCw@pA]bAWhA[z@UREf@OXGxBk@fBg@JCvA]DAZIbCo@FCrBi@n@Q`AWn@O|EqAxCw@bBc@^IVELATEh@O|Bm@bAWzEoAdCo@v@UxBk@MDLEjGaBxDcALCbAYn@Qf@Od@Sp@[z@c@l@a@d@[b@]`@]x@w@f@m@j@s@n@_A\m@n@mAZs@^cATs@Lc@Ng@Ja@BONs@PgAL{@Dc@BYDa@Ba@Do@B]?c@@s@@e@?o@AeEAqDAuF?iEAeC?O?mAAsC?iEAaDAiH?sEAoE@yA@uA?{A@aBOSNRAuD?{@?}@AeC?}CAgE?qAAoBAiBAi@CmC?i@Aa@?iAAyC?sCCmFAg@ASAu@Am@?aB?U?mBAsAAsAAc@?Y?QC_CAsB?oB?Y?y@AeDA_G?oB?s@?k@ES
2,tu`nE}`noBj@k@PW`@q@JSTk@Xo@Ng@H_@XiAJa@FYLi@T_A]fAO^QZYj@OXGJS`@Wf@Tk@Po@Nc@Tu@JYHYHWLc@HQRq@`@qANg@Ja@H_@BSHg@D_@B[Bc@Bi@BsABaABcB?g@A_@?g@FqFDcB@eBBqAAq@AS?O?c@A_@WiLGqCGyCGoCAc@Ce@Ao@?KAe@IkAAa@?QCkECqCCgESYRXA_A?eA?k@Bc@B{@Be@D{@JaBLgBTyDTwDD_AD[@OFk@BOB]J}AB]BSDe@BQD_@JeBDu@B_@BSFg@BSBYTaE\mFNsBLsBB]BULiABUB[Dq@B[BOH{@BQB[BYXeFBg@B_@@a@Bc@@s@@c@?g@@e@@a@@a@B]D}@HeAf@eFXCYBBW?O@]@QBW@MBY@O@]Bc@Dy@RyCBa@HcBF}@@MB[@EBU?K@I@U?S@o@?e@AO?IAIC[?IAK?Q?U?w@AOAYAQEs@Gu@Ce@G_AASEm@Em@Em@Gw@Em@Cm@Go@Eu@CYCQESm@sCESESESCS[wBCSCUCQAK?IEYCUESCSEQEUEe@AQEg@AkAAIASCQGWIc@ACESEQMq@AKI[Qo@Mg@Kc@Ia@Ic@Gc@M{@K}@K_AGq@Gy@Gw@Es@IiAEi@Gi@Iu@Gi@Gc@AGAIE_@RbDTrDHdADz@H~@LxAJjALpAHnASPRQIoAMqAKkAMyAI_AE{@IeAUsDScDC]AUG}@Go@Bv@Bx@Bp@Iu@Gq@Dr@Bt@?^GcAE]Ce@BlABp@Bl@UmCSgCi@gGc@iH\X]Yb@hHh@fGRfCTlCCm@Cq@CmABd@D\FbA?_@Cu@Es@Fp@Ht@Cq@Cy@Cw@GmACaACe@Aa@IcAC_@cAePGk@SoBQaBKaAMgAOqAIs@KgAIiAA{AIgAGaDEy@Ey@AUQmCKmAQcDCoC?OAa@Ce@Ac@Gq@C{@Ci@Ae@CqBA_BAaBAyAAcBMqS?SAs@Ac@A_@Cc@G{@AYEc@Ca@AM?K?w@Ai@Ak@Aa@Eq@Eq@I_AIm@K{@M_AGm@S_BMeAIs@Ca@s@gIi@qAh@pAo@iLMoBA_@Ae@Aa@?S@S@c@BWB]D_@F[DWH_@H[J]L[LYLUJUNUJONSLONQTSXW\Wf@c@dAu@b@Yj@]f@[nCwBpDoCvAgAvAgAx@o@l@c@v@i@d@Yf@W^S\Q`@Qd@Qt@YdGyBh@Qf@ORGXIVGREXETCTCPARAPAR?P?^?dAB|ADvAFl@@v@@V?T?PAVARARCVCTEXGZGRGTIPGPGVMTM\S^WZUXWb@e@V[NST]PWXi@FKBIPc@Xw@T}@VeAHYJa@Nc@L_@BQNo@T}@J]H[L_@Ts@Ni@Ps@Ps@xAoGSn@Ro@R_AfAyEZ}APiAXwAX{APgATyAFa@LkBRaBf@sFZsDD_@Di@ZoDf@cGNkB`@mGN_EH_CNgFVaJBcABy@@{@?i@?a@@w@@eA@}@@s@R_HIvBhbAovAzhBdItoCpLr_C_yCNOEgBYqJG_BA_@GoBEkAG{BC{@Ak@?_@?a@?YAa@?UAg@?Q?W?u@Ce@GuBIeCEuACaAAk@Ac@?e@BmA@i@@_@?CBm@B_@Dq@Da@Fo@Jy@He@NaAR_ALg@J_@Ja@J[L]Ne@Re@Pc@Re@N[JSHOLUNYPYXc@b@m@X]\c@X[RSXWVWTSXUVSZURO`@Wn@_@j@[n@[tAw@h@[h@Wh@[h@Yp@_@`@URM~@g@b@U`@Ud@Wl@]zAy@lAq@bAi@xAy@nDoBd@W~@g@ZS|DwBrBiAxBmATMlBeA~BoAJGp@_@l@Yp@[h@Uf@S`A_@dE}AfIcDjCcAtAg@zCkAb@QbBq@xDyALYMX~Ak@|Ao@jFqB`HoClBs@xAk@xFyBfCaAvEkBvDwAbG_CrEeBfEaBdC_AlFuBjHqCzDyAdDqA~B{@jFuBxBy@bBo@bBq@tBw@lBw@pEeBh@Sj@Sb@M`@KZK~@St@MXCh@GdAG`@Af@?`@?b@B^@|@Hl@Hf@HpAVfATzDx@t@NpAX`B\~@RXFh@L|@P`@FZD`@FcE}@YGaASw@OaAUy@QSEa@I}@Sk@KqAYmAW}@Qa@Ie@GQCOCSA]E]AWA[AS?Y?W?g@@Q@k@Dq@Fe@Fk@JQB_@HYF[H]J]Je@Ng@Rs@V}CjAkBt@wBv@aBp@_A^m@T{IhD}DxAkBt@f@Og@NjBu@|DyAzIiDl@U~@_@`Bq@vBw@jBu@|CkAr@Wf@Sd@O\K\KZIXG^IPCj@Kd@Gp@Gj@EPAf@AV?X?R?Z@V@\@\DR@NBPBd@F`@H|@PlAVpAXj@J|@R`@HRDx@P`ATv@N`ARXFbE|@JBh@JPFPFRF\JfATtE`AlB`@AB
3,tu`nE}`noBj@k@PW`@q@JSTk@Xo@Ng@H_@XiAJa@FYLi@T_A]fAO^QZYj@OXGJS`@Wf@Tk@Po@Nc@Tu@JYHYHWLc@HQRq@`@qANg@Ja@H_@BSHg@D_@B[Bc@Bi@BsABaABcB?g@A_@?g@FqFDcB@eBBqAAq@AS?O?c@A_@WiLGqCGyCGoCAc@Ce@Ao@?KAe@IkAAa@?QCkECqCCgESYRXA_A?eA?k@Bc@B{@Be@D{@JaBLgBTyDTwDD_AD[@OFk@BOB]J}AB]BSDe@BQD_@JeBDu@B_@BSFg@BSBYTaE\mFNsBLsBB]BULiABUB[Dq@B[BOH{@BQB[BYXeFBg@B_@@a@Bc@@s@@c@?g@@e@@a@@a@B]D}@HeAf@eFXCYBBW?O@]@QBW@MBY@O@]Bc@Dy@RyCBa@HcBF}@@MB[@EBU?K@I@U?S@o@?e@AO?IAIC[?IAK?Q?U?w@AOAYAQEs@Gu@Ce@G_AASEm@Em@Em@Gw@Em@Cm@Go@Eu@CYCQESm@sCESESESCS[wBCSCUCQAK?IEYCUESCSEQEUEe@AQEg@AkAAIASCQGWIc@ACESEQMq@AKI[Qo@Mg@Kc@Ia@Ic@Gc@M{@K}@K_AGq@Gy@Gw@Es@IiAEi@Gi@Iu@Gi@Gc@AGAIE_@RbDTrDHdADz@H~@LxAJjALpAHnASPRQIoAMqAKkAMyAI_AE{@IeAUsDScDC]AUG}@Go@Bv@Bx@Bp@Iu@Gq@Dr@Bt@?^GcAE]Ce@BlABp@Bl@UmCSgCi@gGc@iH\X]Yb@hHh@fGRfCTlCCm@Cq@CmABd@D\FbA?_@Cu@Es@Fp@Ht@Cq@Cy@Cw@GmACaACe@Aa@IcAC_@cAePGk@SoBQaBKaAMgAOqAIs@KgAIiAA{AIgAGaDEy@Ey@AUQmCKmAQcDCoC?OAa@Ce@Ac@Gq@C{@Ci@Ae@CqBA_BAaBAyAAcBMqS?SAs@Ac@A_@Cc@G{@AYEc@Ca@AM?K?w@Ai@Ak@Aa@Eq@Eq@I_AIm@K{@M_AGm@S_BMeAIs@Ca@s@gIi@qAh@pAo@iLMoBA_@Ae@Aa@?S@S@c@BWB]D_@F[DWH_@H[J]L[LYLUJUNUJONSLONQTSXW\Wf@c@dAu@b@Yj@]f@[nCwBpDoCvAgAvAgAx@o@l@c@v@i@d@Yf@W^S\Q`@Qd@Qt@YdGyBh@Qf@ORGXIVGREXETCTCPARAPAR?P?^?dAB|ADvAFl@@v@@V?T?PAVARARCVCTEXGZGRGTIPGPGVMTM\S^WZUXWb@e@V[NST]PWXi@FKBIPc@Xw@T}@VeAHYJa@Nc@L_@BQNo@T}@J]H[L_@Ts@Ni@Ps@Ps@xAoGSn@Ro@R_AfAyEZ}APiAXwAX{APgATyAFa@LkBRaBf@sFZsDD_@Di@ZoDf@cGNkB`@mGN_EH_CNgFVaJBcABy@@{@?i@?a@@w@@eA@}@@s@R_HIvBHwBS~GAr@A|@AdAAv@?`@?h@Az@Cx@CbAW`JOfFI~BO~Da@lGOjBg@bG[nDEh@E^[rDg@rFS`BMjBCd@E~@Lw@Hg@L}@ZqCb@sF\uDD_@^sEt@cJd@_HLaEFoB@g@LqEV{IDgAFiCBc@FaCH_CP_HTkHJ_EFcBDyALgDNsDr@{PHkAB]Fo@Fa@F_@Jg@Nm@Tu@JYN]Zq@^o@^k@PUPQVWPQVUZUPMZQTMVMPG\On@Sx@UxA_@hCs@rD_AtCu@d@MbCo@h@M|@Oj@GZCd@?d@?V?~AHz@DH@tFVbH\\@ZBR@XDXBd@FbAFfBHjAFZ@hBHdFVfLj@dH\tAFd@BvUhA|BJzCNlDPhCLnET`BF~BLr@Df@B^@dAF|DPvBJ~CPfCJrFXtLl@~DN~GTrHVpCJ~BHtDJzDNrBFz@D~AFpABdADpBHlBFbABtAFnADR@v@B^@bAB`AD|ADhCJnADSAr_C_yCNOEgBYqJG_BA_@GoBEkAG{BC{@GgBE{AEs@CUEu@C_@CaAC_AI_CEwACcACi@?e@?c@@kA@c@@c@?OB]Bk@Bg@Hy@Fk@Ho@Fi@Ls@Ji@Jk@VeAV}@X}@X{@l@eB^gALg@Lg@Li@Ji@Hg@Hc@Da@D_@Fo@Bc@Bm@D}@@o@A_AA{@E}AGaBEuAE{@Cu@Cs@IeAC]QkBKeACa@IKHJ[aDWgCG{@Em@C]Ag@Ae@?k@?a@@g@@u@Di@De@Dc@De@Fa@Hc@Nw@T}@X}@L]Xs@^y@NWLW\m@^s@NWTg@HSXg@FIHOR[\o@FMj@kAp@wAp@sAb@_AhAcCr@{Ar@wAVi@t@}Ad@eAZw@Pk@JWLe@Ni@VeAF_@FYD]Fe@Ho@Dg@Dc@De@Bi@@g@@u@@m@?[Au@EoBSsHE`@Da@I{CIeDEsAOuBMuBGgAGaAIqBq@qRIcBo@}Pk@eOi@}NqAy]UeGQeEEiAMoD]X
4,bi}mEk_upBa@iAhBeMZ_CbAcHVmBBQBUBk@Be@BU@MFe@@MBUE~@AXAL?r@?|@Fe@@MB[@OBU@MHi@@K@UDi@DeAFq@@SDg@Ho@NgAN{@bBwJp@{DBQpAkHvCaQtGo_@tHic@pEsWRy@Ng@^qARm@Ri@\u@Zk@NSLSPSLOTWJM^]XSROXSTMPITMPG^Od@Mb@Kd@IXEZCp@Ev@AjEKnO]~BEbBEbCG~@Cv@AbJSbFMBJCKrEKx@?`@@d@@|@FbAFv@Fz@FXDf@H\JZHZNZNh@Vf@Vl@^f@\f@`@b@`@RPNP`@b@VZRXd@p@T`@T`@Vh@Rb@N^Rf@X~@Pn@Lf@Jf@Jh@Jx@Jx@Hx@LjBTpDl@fJl@`J\dFx@lM\lFUXTYl@|IZrF`@~FTlD\`FLrBNvBNrB@ZFp@Bf@|AbV`BpWd@~Gc@lAb@mATtDP~BxAvUh@hI`A|N~@~NTvDvApTf@fHd@rHTl@Um@VhEJjAJ`ALhAVdBPpAPpANz@`AbHfAzHhA|HzCfTVfBhAhIfB`M~@vGLv@VfBLdAFf@J|@HdADj@FdAD|@Br@?j@Ab@Ad@GdAGz@IhAKhAMdAIt@Ip@o@dI@p@Aq@e@hGI~@G|@Ez@C~@AhAAnCAfCCbH?pBAvGCfN@bB?pA@b@Bv@Bv@DbANvDTvFN|CB`A@h@?b@@h@?v@C|@CjAEnAEdBEjAG|BE~AAXAb@?d@?n@@p@B`@Bh@D~@FbABf@Bj@@\?f@Ab@AZC\CPCXE\Mx@UjASpAKz@Ed@Ef@El@Cd@KnBQhES~EKdCYrGEhAGxAGpAEfAKdCSjHIvBHwBS~GAr@A|@AdAAv@?`@?h@Az@Cx@CbAW`JOfFI~BO~Da@lGOjBg@bG[nDEh@E^[rDg@rFS`BMjBG`@UxAQfAYzAYvAQhA[|AgAxES~@Sn@Ro@yAnGQr@Qr@Oh@Ur@M^IZK\U|@On@CPM^Ob@K`@IXWdAU|@Yv@Qb@CHGJYh@QVU\ORWZc@d@YV[T_@V]RULWLQFQFUHSF[FYFUDWBSBS@W@Q@U?W?w@Am@AwAG}AEeAC_@?Q?S?Q@S@Q@UBUBYDSDWFYHSFg@Ni@PeGxBu@Xe@Pa@P]P_@Rg@Ve@Xw@h@m@b@y@n@wAfAwAfAqDnCoCvBg@Zk@\c@XeAt@g@b@]VYVUROPMNORKNOTKTMTMXMZK\IZI^EVGZE^C\CVAb@AR?R@`@@d@@^LnBn@hLi@qAh@pAr@fIB`@Hr@LdAR~AFl@L~@Jz@Hl@H~@Dp@Dp@@`@@j@@h@?v@?J@LB`@Db@@XFz@Bb@@^@b@@r@?RLpS@bB@xA@`B@~ABpB@d@Bh@Bz@Fp@@b@Bd@@`@?NBnCPbDJlAPlC@TDx@Dx@F`DHfA@zAHhAJfAHr@NpALfAJ`AP`BRnBFj@bAdPB^HbA@`@Bd@B`AFlABv@Bx@Bp@Iu@Gq@Dr@Bt@?^GcAE]Ce@BlABp@Bl@UmCSgCi@gGc@iH\X
5,|btoEqumoBOUoC`@kBVi@F_@F_@B_@B_@Be@@i@?MA]?_@AeAGwES{BMgBImAGk@Ea@CiCYaAOq@KmASw@M]I}@QgAW{Ac@YISIQIQKSKOKYSMMi@g@g@i@c@c@[YQOSOQIQIUIKCUEYCs@EYAWC_@E[E{@O{Cg@oAUq@Oc@MWIYM]OQKWOYSUQYUSS][g@g@a@[WSYUe@Y]Oc@Sm@Ui@S_@OSKUMQMQMYUUMWQ[OOGWGSEc@Ig@Ii@K[I]MWKUM[Qi@a@c@]UMUMUIMEMASCSAS?S@g@De@Dy@F}@HaBNy@FDLEMsAJe@DUDUDMBQFQHIDOHOJIHMLQPONOLONQJOHMFMFMDSFSDUDM@O@K?M?WASCOAGCMCQEWIq@Y}@a@m@Ye@S}@a@e@WOISMQMMKQOWUMQQSIMIQGOIWGSI[E]CSCYAW?c@A]AYCSE[ESGUIYKUIQMSSUMMMMKIWQQKSKOEOGUE]Ge@GUCOEICUGMGOIQKQO[Y[USOSKo@[[Oi@Y[S_@Wa@][Yi@e@e@a@o@m@m@i@o@k@g@c@_@]wAqAMKMIOKKGOGSIQEYG_@I_Dm@g@K[E[ESASAQAQ@U?[BQB]DoARs@Lm@Hg@JQD]Jq@X_Bv@m@^}@l@mAz@QLULOJUJWLuAh@UJQH]P}@h@MHLIm@\a@XSPMJSVMPILINIPKZW~@Sr@K\ITKVMX]n@q@rAUb@Q^Wf@Uf@MTKRGPIVGTG^G`@CVEPEVITITGPMPILOPUROHYPQHo@ZIDGBWH[HWD[BY@[?a@Cc@Ga@Ki@Oe@Og@Se@U]Q[Qi@[g@Uk@SeBm@Q`APaAqDmAmAc@UI[OSMa@WMGUOWSYWSUw@cAa@o@_D}FiEcI]o@]q@Ua@S]KYM[Ka@EYEOGm@A_@AQ?U?U@UBYBWD[BUJo@RmAN{@Hk@Hk@D[B[B[FcADy@HkBFgABo@Bs@@a@?s@?e@Ao@A[?UC_BAk@A_@AQAWAWCSCQEUEMEQGOGQEMIOIKKQKKGIMMUSSOe@[_@UoAu@OISGIEYGQEOCQAS?U?Q@M@OBK@WD_ATc@H[D[BS?]?SAMAMASCOCQEUG[MQIQKOIMKOMQMMOWYY_@a@k@i@s@yAsBWZ}j@is@]uAIGu@q@aAcAe@g@]a@[g@i@_Ao@_Ac@o@k@o@e@k@]e@c@o@e@w@e@{@q@uAg@y@a@u@U[W_@[c@W_@{AuBiBiC_@i@UYUYWWi@e@[Sc@Ug@Si@U{IyCo@Uc@Ss@_@n@Tm@_@u@]MGc@a@b@`@aCoAqAs@y@c@WMUMSIICe@OUEUCWEUAUC_@Aw@C_@AgBIcAEsAE_AAc@?]?W@U?]@WBW@]Bk@Fw@JeAJG@mCZHXIYlC[FAdAKv@Kj@G\CVAVC\AT?VA\?b@?~@@rADbADfBH^@v@B^@TBT@VDTBTDd@NHBRHTLVLt@j@oAq@WKSKICc@MUGSCWCc@Eg@Au@E_@AiBGcAEqAGaAAc@?]?U@W@]@W@W@[Dm@Dw@JcAJkGt@M@u@J}@LoATqATgDl@aC`@aC`@_Fz@w@Ng@L[HQF]LQH]NSLg@X_Aj@yBtAw@f@yA|@wA|@iDtBqAx@}AbAULk@^g@ZkAr@_Aj@[PQJGBYNYLYJ]L]J[Hg@Jo@Jc@DWBiAFC?B?mADk@B_@@M?]?_@Aq@CaBImCOaCMgAIiAGOAyAIuAI_CMqHa@yAIy@Ew@EcBKgBKsBK{@Go@CkAIuAGmG]OAo@EI?GAo@Aw@Aw@@gAB_ABd@CTCt@GX?jBEl@AH?H?~@@b@@X@Z@p@DUPTQq@E[AYAc@A_AAI?I?m@@kBDY?u@FUBe@BwABmWd@eGJkFJuCFuCFi@@iCDuBDuCDwAD{@@]@e@@uCFcDF{ABqBDDCEBcEH{AB_BD}@@iABy@@}@?W?W?m@CSAOAWCYC[Cq@I[Gu@MwAWmAU_BY_Dk@_B[kASKCwCi@EAgB[oB_@yAYkBYaC]_AMcAQeAQ]G]G_Cc@gB]Kp@Jq@sCg@eASsCg@[G{@O_@Gi@Ig@EOAg@CUAW?SAe@?gE@g@EMAq@?iA?s@?qA@oA?_A?a@?a@?c@?c@A_@C]A[CWAQCSCc@Ec@GWEWE]I_@IcASQEcDo@a@U`@TeB_@_@I}@SoBa@_AS_ASWGe@MYKSGUI[KWK]Ms@WiBm@i@MYGYE[GSCWCa@Ea@CUAM?a@CqCKh@Hi@Ie@AcDMgCIgFQ{DMaCKuACXBL@PBZBsAEoAGc@CYCa@CWEcAQe@GYEwCg@N\O]_C_@i@IiCc@oAScAOiEs@_Fw@w@M{AUq@K]E[E[CWA[?W?M?U?Y@W@YBSBYD[FYFKBe@LJJKKiA^{Bp@UFKBUF_@Fk@J[DYB]Bc@@Y@]@{B?yE?uB?sAAy@?c@Ag@CYAo@Ey@Gg@Ew@Gy@Gk@Eo@G[E[EYEQCKCSGQG_@M_@OQIUK}@e@IEHDqCwAWMmAo@_Ae@uAo@fA^d@Rw@a@k@Ua@Qo@WqAc@q@Sa@Ki@Mm@MYGm@Ke@Gi@Ge@EYC_@Co@Ei@Ac@Ca@Ag@?g@?a@?m@@}@@o@Dc@By@B}BL_AFg@@gCLw@DSPRQo@Dg@BG?G?K@[@aBJsAF{@DwAHcADw@DgAFUBy@Fi@Hi@Fg@H_@F_@Ha@H]Hi@Nc@L[H_@Le@N]L_@Na@PSHOFc@TyAt@n@Ko@Jm@^}@j@g@\_@V_Ar@k@`@aBjA]Vk@^}@n@sA`Aq@d@u@h@k@\q@`@q@\m@Xs@Zk@T]JsAj@g@Lk@Ly@Pk@HCRBSk@Ha@Fa@DkAHQ?[@Y@[@g@?g@AoDCi@AeKMe@CSAOA[Ag@EMAYEc@Ea@GaAO{@Oo@Mc@Kb@JoB]_@G_@Im@OQESGUIUGQI]MYMw@_@kB}@cAe@i@WaGsCoB_A{BgA}BgAaAe@y@_@cBw@gAa@}@Yc@MUGQEu@Qg@Ii@K]KIAa@GEA_@Co@Em@CcDOu@CwAGyCO?O?NxCNvAFt@BbDNl@Bn@D^BD@`@FH@\Jh@JcAOu@Ia@Cm@Eo@EaDMi@CgAE[CwCMwCM]CqAEqAEm@CyBMUAeAEOAiAGUCi@CSAa@Ci@Eo@CUCw@Ee@Cc@C_@Cq@Em@EWCgAGoEWR?S?wAIcDSiBKqBMaAGe@CkAI_AGgAGkAGeF[mBKmAIaAC}@Ak@AY?uABc@@JEKDk@@gBLa@D_@B_@Fa@DYDa@H_@FaAR{@RE@{@Jw@Ju@NgCf@eCf@aDp@_Dn@_Ex@wA\QDgBx@fBy@eGlAqAVcAPC@c@Ho@Ls@NqAV{Bd@iDr@cB\eCh@}Bd@}Bd@eEz@sAX[HYHWHSHWJQJUJULMJ[RQLQNURSPWXY\MPW\QTQZKPEJIPUh@KXMZK\K^GXKd@If@Gb@Ij@Iv@ALCVAPA\?NCVXCYBg@dFIdAE|@C\A`@A`@Ad@?f@Ab@Ar@Cb@A`@C^Cf@YdFCXCZCPIz@CNCZEp@CZCTMhACTC\MrBOrB]lFU`ECXCRGf@CRC^Et@KdBE^CPEd@CRC\K|AC\CNGj@ANEZE~@UvDUxDMfBK`BEz@Cd@Cz@Cb@?j@?dA@~@MYLXBfEBpCBjE?P@`@HjA@d@?J@n@Bd@@b@FnCFxCFpCVhL@^?b@?N@R@p@CpAAdBEbBGpF?f@@^?f@CbBC`ACrACh@Cb@CZE^If@CRI^K`@Of@a@pASp@IPMb@IVIXKXUt@Ob@Qn@Uj@Vg@Ra@FKNYXk@P[N_@\gAU~@Mh@GXK`@YhAI^Of@Yn@Uj@KRa@p@QVi@j@
6,vu`nE}`noBh@k@PW`@q@JSTk@Xo@Ng@H_@XiAJa@FYLi@T_A]fAO^QZYj@OXGJS`@Wf@Tk@Po@Nc@Tu@JYHYHWLc@HQRq@`@qANg@Ja@H_@BSHg@D_@B[Bc@Bi@BsABaABcB?g@A_@?g@FqFDcB@eBBqAAq@AS?O?c@A_@WiLGqCGyCGoCAc@Ce@Ao@?KAe@IkAAa@?QCkECqCCgEMYLXA_A?eA?k@Bc@B{@Be@D{@JaBLgBTyDTwDD_AD[@OFk@BOB]J}AB]BSDe@BQD_@JeBDu@B_@BSFg@BSBYTaE\mFNsBLsBB]BULiABUB[Dq@B[BOH{@BQB[BYXeFBg@B_@@a@Bc@@s@@c@?g@@e@@a@@a@B]D}@HeAf@eFXCYBBW?O@]@QBW@MBY@O@]Bc@Dy@RyCBa@HcBF}@@MB[@EBU?K@I@U?S@o@?e@AO?IAIC[?IAK?Q?U?w@AOAYAQEs@Gu@Ce@G_AASEm@Em@Em@Gw@Em@Cm@Go@Eu@CYCQESm@sCESESESCS[wBCSCUCQAK?IEYCUESCSEQEUEe@AQEg@AkAAIASCQGWIc@ACESEQMq@AKI[Qo@Mg@Kc@Ia@Ic@Gc@M{@K}@K_AGq@Gy@Gw@Es@IiAEi@Gi@Iu@Gi@Gc@AGAIE_@RbDTrDHdADz@H~@LxAJjALpAHnASVRWIoAMqAKkAMyAI_AE{@IeAUsDScDC]AUG}@Go@Bv@Bx@Bp@Iu@Gq@Dr@Bt@?^GcAE]Ce@BlABp@Bl@UmCSgCi@gGc@iHNXOYb@hHh@fGRfCTlCCm@Cq@CmABd@D\FbA?_@Cu@Es@Fp@Ht@Cq@Cy@Cw@GmACaACe@Aa@IcAC_@cAePGk@SoBQaBKaAMgAOqAIs@KgAIiAA{AIgAGaDEy@Ey@AUQmCKmAQcDCoC?OAa@Ce@Ac@Gq@C{@Ci@Ae@CqBA_BAaBAyAAcBMqS?SAs@Ac@A_@Cc@G{@AYEc@Ca@AM?K?w@Ai@Ak@Aa@Eq@Eq@I_AIm@K{@M_AGm@S_BMeAIs@Ca@s@gIi@qAh@pAr@fIB`@Hr@LdAR~AFl@L~@Jz@Hl@H~@Dp@Dp@@`@@j@@h@?v@?J@LB`@Db@@XFz@Bb@@^@b@@r@?RLpS@bB@xA@`B@~ABpB@d@Bh@Bz@Fp@@b@Bd@@`@?NBnCPbDJlACo@?UB_@BWF_@DWHWFQHQHMJOLSNONMJINGJINGJCLCNEf@GrAOPAJ?N?P@N@J?LBL@TFZHZLf@Vx@b@dB|@TL`Ah@f@Vg@SwAo@cB_A{@c@[Mi@Q_@KSEWCOAMAO?Q?O?K@K@SBODOBQFKBMFMFKDKHOJOLGFMJORKLQXKRKTKXIXK^G`@k@hDIn@G`@E`@AXAR?V?R?\Bh@Db@Hl@Hj@Jl@Pv@SyAGc@M_ACUA[C[AY?k@BY@YDa@Dc@FYj@mDJk@BMDQFQDOFOFOHOHOJOHMJMJMLKNMJIPKNILGNGNENCRENCLCN?`@AL?J@N@XDLBPDTFb@N^N~@f@|Ax@vAr@t@\~@f@XPYQ_Ag@u@]wAs@}Ay@_Ag@_@Oc@OUGQEMCYEOAKAM?a@@O?MBOBSDOBODOFMFOHQJKHOLMJKLKLILKNININGNGNENGPEPCLKj@k@lDGXEb@E`@AXCX?j@@XBZ@ZBTL~@Fb@Lj@Ln@]eCK{@E_@Em@?W?W?WBa@Dk@DWBUn@cEJg@J_@H[HQHQFMHOHMHMJONMHKLKLINKNGNINELELEPENCPANAP?L?P?L@TBJ@NBd@L`@LXNdAf@~Ax@vAt@t@^|@b@`EvBfEvBxAv@~EfC`Af@zAx@pBbA~Ax@`Bz@zAt@p@Z`@Nb@Lf@Nb@JZFb@Hn@HlBRrBTp@FTBZ@r@@j@A`@AhFSSBRCzAGvBIpCKh@Eh@ErAKfDYhAK^GVCf@K\KTGZK\Ob@SVMf@]^Y`@]j@i@b@g@PULSR[R[^s@rCgFFMZi@Vc@r@qAdDeGdCoEh@cA|AsCbB{Ct@sA|@aBT[f@u@h@u@`AqA^g@RSLMLMRUTOTOPKRMVKNIRILGNJOKMFSHOHWJSLQJUNUNSTMLMLSR_@f@aApAi@t@g@t@UZ}@`Bu@rAcBzC}ArCi@bAeCnEeDdGr@cAvB{DdCqEj@eAzAmCr@uAj@cAt@sAbAeBPUh@u@j@s@l@q@j@o@RWRSTUNMHIHGPMPKXOLGPIf@Q\K\KTG\IXEZGTC^EXC\CZATAZ?X?Z?ZBZ@ZBb@DlEn@rFx@xATxARl@H^Fd@Dd@B^@n@@j@@R?hIFX?hED{AXltAdAfeAkOFSZGNCRETETCTCTCTARAR?^AZ?\@Z@\Bt@HdAHvAP`Ix@zHv@tMrAzKhAhALnCXd@Fb@HRDPDZHr@VbC`Ad@RLFbJtDXL^JRFb@Nb@Pf@Nt@R`@PdBd@pF|B~@^]S]Sw@e@g@[SKc@Qk@UkH{CqAi@mAg@sCOrCNlAf@pAh@jHzCj@Tb@PRJf@Zv@d@\R\RzCnAbDrAzD`Bp@`@^Rl@Vh@ZTNZNj@Vb@Vj@ZlEhBnEhBLFfCfBgCgBMGoEiBmEiBk@[c@WpAj@lEfBnEjBjJzDHDhBt@hBt@zEpBjEhBnGjCzCnA`FtBpH|CvGnCpF|B`A^nDzATJzAl@pBz@rMpF|@\d@TVLTLPLPLXVNLPPRVLPNTNTNXLVLXTr@r@~BTv@Vv@X`Ab@xAtAtEEKDJrAjEBJp@vBdAjDpBvG~@zC`AdDbCbIbAdDz@rCb@xAf@|AlA`ExCvJLb@Lb@Z`ARp@HZRf@P`@PZNXNRNTHHLNRRRPPNRNVNRHRLNDLDXJTFXDJBLBN@PBVBl@DY@W?`@Df@DL@f@DfEAd@?R@V?T@f@BN@f@Dh@H^Fz@NZFrCf@dARrCf@Kp@Jq@fB\~Bb@\F\FdAPbAP~@L`C\jBXxAXnB^fBZD@vCh@JBjAR~AZ~Cj@~AXlATvAVt@LZFp@HZBXBVBN@R@l@BV?V?|@?x@AhAC|@A~AEzACbEI]W
7,vu`nE}`noBh@k@PW`@q@JSTk@Xo@Ng@H_@XiAJa@FYLi@T_A]fAO^QZYj@OXGJS`@Wf@Tk@Po@Nc@Tu@JYHYOZMXJ]J[J]J[La@^mAHc@NkAH{@LcAH_ABg@@_@FqEB_B@iAJgG@sA?y@?i@?o@C{@ScJCmABm@?O?WAo@Cc@Ce@E_@Ea@Ea@I_@Os@w@oDa@aBc@wBQu@Ki@Ga@Iq@K}@G{@_@}FMTLUG}@IiAEg@Iu@_@cDQyAGa@ScB[cCqBwM]gCMy@MeAGc@KeACk@Em@EoAAaAA_AC{C?QAe@C]Ag@?WEq@Cm@Cg@?QAg@CSAk@Ak@AcC@k@?YBk@Du@FeALaCx@qLFiAFqABq@?_@@w@?]Aa@Ak@Cu@GaAGsAQqC?Ia@_HG_AKgAiCkRy@yFKm@Ko@Ou@Ok@]wAm@oBoBoGL^M_@mBgG_@uAWcAG_@Ow@SsAO_AQuAKo@QsAQmA]uBgAkH}AiKk@yDSwASsAG_@YkBIi@Ks@YgB[yBAKSqAWgBYgBCQYiCg@mDi@qDUeBe@_CQm@Qk@Qg@Ui@Wc@S_@]g@[a@i@o@e@g@QSeAmAFAG@uA{AcEoEoDmD_B_B}A_BeRySiSaUaAeAW[i@q@a@g@a@m@e@y@a@y@y@eBmAmCmEuJn@hCo@iC{@iBQ_@k@oAo@sAm@qAWg@Q]Ye@a@k@[a@Y]a@e@c@e@kAkAkAkAwByBa@a@c@c@{@_A[c@OU]a@SS[e@SYOUOYMQMWMUQ_@MWISKWM]Ma@KYKa@I[Mm@Ic@G_@Gc@Ga@Ei@Gm@Ae@E_A?c@?u@?e@Bm@Bi@Bi@Bg@b@yHBq@Be@@e@?]?W?c@A_@Ae@AYEk@g@gFXcAYbAc@cFIeAG{@QwBO{B]sDCe@EaAeBoQ[iD_@yDsB_Tq@qHQmBWgCSsBMmBK}CDl@LtAD\D`@B`@Dj@Dp@Fj@Hn@Jp@VxAHj@YwCKmAGm@Em@Ei@Ci@Ey@Cy@Cy@CcAKcDEuAIqCEuAIsBGoAi@yAh@xAFnAHrBDtAHpCDtAJbDBbABx@Bx@Dx@Bh@Dh@Dl@Fl@JlAXvCIk@WyAKq@Io@Gk@Eq@Ek@Ca@Ea@E]MuAEm@C]_@cJCWU_G]uH_@aIWmGK}AKeBOgBQeBy@wIwFam@[cDCm@G}@Ck@Co@Ag@AkA?y@@}@DeBBo@Ds@Bg@Fo@P{ATeB`@wB\uAf@gBfA}CxKwYPi@Nm@n@_BzBcGBAC@pBkFHSlAkDbKsYb@uA`@}APw@V}ANeAJgALkB`@mHl@sKb@yH@r@As@XwFB]nBe^h@oJ?K\iGNoCLeCFw@Hy@D_@D]NkAFYF[FYTaAV_A`@kA`@aAb@_AQNPOj@aAd@s@NYT[pDqFlAiBfBmC`@k@fAiBd@}@v@gBd@oA`A_DZaAT}@Pq@Lq@Jm@H_@D]Dw@DaABkA@aC?gC@aC?iC@gBHoARgCFm@Fe@PiAHg@\iEDW@MTqAb@sC^gCVeBRwA?CN}@fDyUNgAP_AJo@D[NmA@MBUGpAGnAGj@Ej@Kz@Kv@[vBc@~Ca@rCo@lEOR
8,`vqmEsbhqBm@WrAhBlBlCtErGrAlBf@p@TZHLr@`Az@jAv@hA|@nA|@lAv@fAh@r@z@lAfCnDrAlBtEhGjN|QxGtI{B}BzB|BX^rBjCxBlC|CbEtAhBrCrDpBfCnBfC`BvBvAfBTTVXh@f@d@b@lA~@z@l@|AhA|AhArBvArAbA`Ap@v@j@`Ap@|@p@fM`JbFnDbFpDfEzCnDhCzAdAzFbEzEjDzB`Bx@n@v@r@`AdAt@`Ad@p@h@v@v@hAhBjCjBhCj@x@x@r@y@s@jF~HdBdCf@t@|@pARXZh@h@|@bAzAnDjFzClEbGvI`GzI~N~S\j@lNnSvObUrJnN~CvEvOfUpLzPfBdCHNdBjCl@hAr@~AI@HA`@bAPf@Pj@Tp@d@bBZzALp@Dh@Ft@Dt@nBle@RtFd@tK@PLvDHfBHdBVhGBx@RhFThFHrBVzGLlCDfB@f@?l@?zAClAI`BM`CCd@Cj@CTCPWlBcAbH[~BiBdM`@hAa@iAhBeMZ_CbAcHVmBBQBUKnBQdDANCVEZIt@OdAM|@aBfLsAnJABSxASdBMlAOvBIjAE~@Av@E`AANQlCCXIlACV?TAN?zAAP?ZEnB?^?p@@ZB`@HjAh@zHFfAL`BTbDVrDNzBRzCb@vGd@zGLfBDf@@r@@t@Br@@PpCxa@ZtEHjAIkAh@pHd@jHT|Cf@|Hn@fJl@fIn@hIN~AV~BJbAFn@X|BRjBJjALvANnBRdCF^G_@NlBLnBR|CHxBJrBP|E`@`GNpBPfCRzCHpBD|ABnA@rA@x@?fA?dCElFA`DARA`DAlACpDCnDGfGRHSIG|EA~AAbBCvAAaCClBEfEAfA?~@ArADzAFrBHfCH|BN|BJbBNpBVfCLhANlATbBe@Pd@QLz@V~AN~@PdAj@rCd@|BNv@hAjFtAxG`BxHRbAzBpKR~@xAfHGH~Zh{ACg@PlCJjBXlEb@fHVxDVvDzAfUn@hKz@zMp@hKJ|AHdADb@Fh@LvAR|Bb@jGVfEXtDBPX~DFl@Fd@F^Hd@Pv@vA|Gp@~CRfARbADXBXDdABV?J?K@q@AW?OAUJxA?J?K?w@Ai@Ak@Aa@Eq@Eq@I_AIm@K{@M_AGm@S_BMeAIs@Ca@s@gIi@qATb^LPLvATbD`@jFLrBL~Ab@|FDr@LvBHzAJ~BLhCRjEJvBHdBNnDFtABl@PjDV`E`@rGHfA@zAHhAJfAHr@NpALfAJ`AP`BRnBFj@bAdPB^HbA@`@Bd@B`AFlABv@Bx@Bp@Iu@Gq@Dr@Bt@?^GcAE]Ce@BlABp@Bl@UmCSgCi@gGc@iH\X]Yb@hHh@fGRfCTlCCm@Cq@CmABd@D\FbA?_@Cu@Es@Fp@Ht@Cq@Cy@Cw@Fn@F|@@TB\RbDTrDHdADz@H~@LxAJjALpAHnASPRQIoAMqAKkAMyAI_AE{@IeAUsDScDD^@H@FFb@Fh@Ht@Fh@Dh@HhADr@Fv@Fx@Fp@J~@J|@Lz@Fb@Hb@H`@Jb@Lf@Pn@HZ@JLp@DPDR@BHb@FVBP@R@H@jADf@@PDd@DTDPBRDRBTDX?H@JBPBTBRZvBBRDRDRDRl@rCDRBPBXDt@Fn@Bl@Dl@Fv@Dl@Dl@Dl@@RF~@Bd@Ft@Dr@@P@X@N?v@?T?P@J?HBZ@H?H@N?d@An@?RATAH?JCTADCZALG|@IbBC`@SxCEx@Cb@A\ANCXALCVAPA\?NCVXCYBg@dFIdAE|@C\A`@A`@Ad@?f@Ab@Ar@Cb@A`@C^Cf@YdFCXCZCPIz@CNCZEp@CZCTMhACTC\MrBOrB]lFU`ECXCRGf@CRC^Et@KdBE^CPEd@CRC\K|AC\CNGj@ANEZE~@UvDUxDMfBK`BEz@Cd@Cz@Cb@?j@?dA@~@SYRXBfEBpCBjE?P@`@HjA@d@?J@n@Bd@@b@FnCFxCFpCVhL@^?b@?N@R@p@CpAAdBEbBGpF?f@@^?f@CbBC`ACrACh@Cb@CZE^If@CRI^K`@Of@a@pASp@IPMb@IVIXKXUt@Ob@Qn@Uj@Vg@Ra@FKNYXk@P[N_@\gAU~@Mh@GXK`@YhAI^Of@Yn@Uj@KRa@p@QVk@j@
9,vwonEokiqB@s@y@zAuAdCe@z@Yb@MRMNc@l@_@d@w@~@_AhAu@z@u@x@aAbAcA`Ai@f@[Xa@\UP]XgAz@GB]XOJkBrAkAx@qA~@mBtAeBjAsDjCoDfCqHlFyDlCwCvBhAy@iAx@cH`FqE~CkE|CwBzA_RvMgBnAqBvA}FdEcEtCqFzDuKxHgBpAkE|CkE|CiBrAkBrAoE~CEBwAbAyAdAqBvAoBvA{@l@y@l@s@d@aAp@^YLMn@i@_BjAq@d@eAt@eAv@eCdBsBxAaBhABi@Ch@eBpAqBtAeExCg@^c@XcCdBkDdC{DpCyDlCwF`E}K~H{IlG}AfAyB|AyJbHmHhFwQpMwQnM}AdAsMjJaLbIMJ{ApAq@d@mA|@aAp@qDfCsEbDyDlCWDVEyCxByCtBaAr@eBnAWRg@ZyB|AeGjEeGhEoBtAmBrAwCtBgFrDuEdDSLsBzAuA~@eBnAcAt@aAp@a@V_BjAoA|@aAt@cAv@q@l@i@d@e@b@aBdBo@p@k@p@c@d@a@b@QV_@b@[`@{@jAc@n@e@n@g@v@q@hAe@z@_@t@g@fAQ^Yn@g@nAg@pA_@fAY~@Qf@Qj@c@~AETU~@WjAOn@Ox@QhAqErWuHhc@uGn_@wC`QqAjHCPq@zDcBvJOz@OfAIn@Ef@ARGp@EdAEh@ATAJIh@ALCTANCZALGd@?}@?s@@M@YD_ACTALGd@ALCTCd@Cj@CTCPWlBcAbH[~BiBdM`@hAa@iAhBeMZ_CbAcHVmBBQBUKnBQdDANCVEZIt@OdAM|@aBfLsAnJABSxASdBMlAOvBIjAE~@Av@E`AANQlCCXIlACV?TAN?zAAP?ZEnB?^?p@@ZB`@HjAh@zHFfAL`BTbDVrDNzBRzCb@vGd@zGLfBDf@@r@@t@Br@@PpCxa@ZtEHjAIkAh@pHd@jHT|Cf@|Hn@fJl@fIn@hIN~AV~BJbAFn@X|BRjBJjALvANnBRdCF^G_@NlBLnBR|CHxBJrBP|E`@`GNpBPfCRzCHpBD|ABnA@rA@x@?fA?dCElFA`DARA`DAlACpDCnDGfGRHSIG|EA~AAbBCvAAaCClBEfEAfA?~@ArADzAFrBHfCH|BN|BJbBNpBVfCLhANlATbBe@Pd@QLz@V~AN~@PdAj@rCd@|BNv@hAjFtAxG`BxHRbAzBpKR~@xAfHGH~Zh{ACg@PlCJjBXlEb@fHVxDVvDzAfUn@hKz@zMp@hKJ|AHdADb@Fh@LvAR|Bb@jGVfEXtDBPX~DFl@Fd@F^Hd@Pv@vA|Gp@~CRfARbADXBXDdABV?J?K@q@AW?OAUJxA?J?K?w@Ai@Ak@Aa@Eq@Eq@I_AIm@K{@M_AGm@S_BMeAIs@Ca@s@gIi@qATb^LPLvATbD`@jFLrBL~Ab@|FDr@LvBHzAJ~BLhCRjEJvBHdBNnDFtABl@PjDV`E`@rGHfA@zAHhAJfAHr@NpALfAJ`AP`BRnBFj@bAdPB^HbA@`@Bd@B`AFlABv@Bx@Bp@Iu@Gq@Dr@Bt@?^GcAE]Ce@BlABp@Bl@UmCSgCi@gGc@iH\X]Yb@hHh@fGRfCTlCCm@Cq@CmABd@D\FbA?_@Cu@Es@Fp@Ht@Cq@Cy@Cw@Fn@F|@@TB\RbDTrDHdADz@H~@LxAJjALpAHnASPRQIoAMqAKkAMyAI_AE{@IeAUsDScDD^@H@FFb@Fh@Ht@Fh@Dh@HhADr@Fv@Fx@Fp@J~@J|@Lz@Fb@Hb@H`@Jb@Lf@Pn@HZ@JLp@DPDR@BHb@FVBP@R@H@jADf@@PDd@DTDPBRDRBTDX?H@JBPBTBRZvBBRDRDRDRl@rCDRBPBXDt@Fn@Bl@Dl@Fv@Dl@Dl@Dl@@RF~@Bd@Ft@Dr@@P@X@N?v@?T?P@J?HBZ@H?H@N?d@An@?RATAH?JCTADCZALG|@IbBC`@SxCEx@Cb@A\ANCXALCVAPA\?NCVXCYBg@dFIdAE|@C\A`@A`@Ad@?f@Ab@Ar@Cb@A`@C^Cf@YdFCXCZCPIz@CNCZEp@CZCTMhACTC\MrBOrB]lFU`ECXCRGf@CRC^Et@KdBE^CPEd@CRC\K|AC\CNGj@ANEZE~@UvDUxDMfBK`BEz@Cd@Cz@Cb@?j@?dA@~@SYRXBfEBpCBjE?P@`@HjA@d@?J@n@Bd@@b@FnCFxCFpCVhL@^?b@?N@R@p@CpAAdBEbBGpF?f@@^?f@CbBC`ACrACh@Cb@CZE^If@CRI^K`@Of@a@pASp@IPMb@IVIXKXUt@Ob@Qn@Uj@Vg@Ra@FKNYXk@P[N_@\gAU~@Mh@GXK`@YhAI^Of@Yn@Uj@KRa@p@QVk@j@
10,xafoEse}qBrAlBqGqIy@gAQWa@s@CC[m@Oa@Um@[u@O]Ue@[g@k@w@cCcDaEqFaC_DiCkDgAyA}IqLmIaL_AmA{AqByDgFePiTCEqBmCKMOSo@_AOSe@y@GKw@{Ae@eAQg@Sk@Uu@Mc@Su@]{AEWm@qCKe@Mg@IUCKKUM[OYSYMMGGSUSOSOSKSKWIKEKCSEOCIAKAQAUAW?S@SBSBQBUFKB[FQDOFQDKDMHMFMJOLIFIJILMPKTKTENEPGTCNAPCZAP?dALhHDhA?T?v@j@Gk@FAf@Ex@El@Kx@Ih@Kd@]rA[nAOh@Od@Uv@MXQb@S^OXc@h@QRUTURc@XMHYNYLWJWHYHw@PgOfDi@Ly@PoA^]LeA`@_@Lo@\a@R[R]R[Ro@b@mA|@a@Xk@`@o@d@]XURSPMPQTOVQ\Q`@Up@Oj@IXYz@Y|@GXSz@R{@eA~DiD|M{BxIYdAMl@Mf@GZOt@u@tCSp@Y`AWv@e@tAg@pAg@pAe@dAqAnCeHtMaHjMm\vm@qA`CsBvDeBbD_ChEiBfDuCnFm@dAkAxB_CjEgFpJyAlC{BbEyCrFyCtFmC~EsEpIqK|RuCjFe@z@sAzBqA~BiFpJO\KVO\Wd@wB~D]n@aAhBk@dAZe@^i@HOR]\k@X]e@v@u@zAYl@_@p@SVM]L\RW^q@Xm@t@{Ad@w@Y\]j@S\IN_@h@[d@eB~C_BtCuAnCaAbB[f@W`@iA|BqA`CkBjD{@|A{@~Aa@t@eApBOZq@vAo@zAi@tAc@hAk@hBGRM`@Qp@Qn@_@xAk@bCUdA[tA{EvSgCfLiCjKYhAq@`CyAlEaFdOcAxCoGrReD|Ji@zAoArDk@tAm@pAmAvB_BvBw@x@_@^}@|@sLhLeF|Ei@f@aAx@[Vc@Zk@\o@^s@^cIpDyHhD}@^wM`GqAj@cAd@[PSLOLSNUT[`@QVS\O\Wl@O`@e@lASj@Q`@Ud@Sf@k@bC_@~Aq@pCl@k@m@j@WhAI^E`@UjAGXMb@Mb@ITQ`@Wb@UZQRQN]Xc@XeAp@_L`H}Az@iBz@yAl@aA`@iCdAeJxDwH~Co@XkUnJcBr@cBr@{IrDe@PoAb@cAVo@NoARiHfA_BVYDe@H]DsARuATwATuARy@Lw@Ls@J{@N]FSFKDUJQJSNIHMLMPILINYf@Wj@O\[r@[n@Sb@a@x@c@z@y@xAAr@@s@y@zAuAdCe@z@Yb@MRMNc@l@_@d@w@~@_AhAu@z@u@x@aAbAcA`Ai@f@[Xa@\UP]XgAz@GB]XOJkBrAkAx@qA~@mBtAeBjAsDjCoDfCqHlFyDlCwCvBhAy@iAx@cH`FqE~CkE|CwBzA_RvMgBnAqBvA}FdEcEtCqFzDuKxHgBpAkE|CkE|CiBrAkBrAoE~CEBwAbAyAdAqBvAoBvA{@l@y@l@s@d@aAp@^YLMn@i@_BjAq@d@eAt@eAv@eCdBsBxAaBhABi@Ch@eBpAqBtAeExCg@^c@XcCdBkDdC{DpCyDlCwF`E}K~H{IlG}AfAyB|AyJbHmHhFwQpMwQnM}AdAsMjJaLbIMJ{ApAq@d@mA|@aAp@qDfCsEbDyDlCWDVEyCxByCtBaAr@eBnAWRg@ZyB|AeGjEeGhEoBtAmBrAwCtBgFrDuEdDSLsBzAuA~@eBnAcAt@aAp@a@V_BjAoA|@aAt@cAv@q@l@i@d@e@b@aBdBo@p@k@p@c@d@a@b@QV_@b@[`@{@jAc@n@e@n@g@v@q@hAe@z@_@t@g@fAQ^Yn@g@nAg@pA_@fAY~@Qf@Qj@c@~AETU~@WjAOn@Ox@QhAqErWuHhc@uGn_@wC`QqAjHCPq@zDcBvJOz@OfAIn@Ef@ARGp@EdAEh@ATAJIh@ALCTANCZALGd@?}@?s@@M@YD_ACTALGd@ALCTCd@Cj@CTCPWlBcAbH[~BiBdM`@hAa@iAhBeMZ_CbAcHVmBBQBUKnBQdDANCVEZIt@OdAM|@aBfLsAnJABSxASdBMlAOvBIjAE~@Av@E`AANQlCCXIlACV?TAN?zAAP?ZEnB?^?p@@ZB`@HjAh@zHFfAL`BTbDVrDNzBRzCb@vGd@zGLfBDf@@r@@t@Br@@PpCxa@ZtEHjAIkAh@pHd@jHT|Cf@|Hn@fJl@fIn@hIN~AV~BJbAFn@X|BRjBJjALvANnBRdCF^G_@NlBLnBR|CHxBJrBP|E`@`GNpBPfCRzCHpBD|ABnA@rA@x@?fA?dCElFA`DARA`DAlACpDCnDGfGRHSIG|EA~AAbBCvAAaCClBEfEAfA?~@ArADzAFrBHfCH|BN|BJbBNpBVfCLhANlATbBe@Pd@QLz@V~AN~@PdAj@rCd@|BNv@hAjFtAxG`BxHRbAzBpKR~@xAfHGH~Zh{ACg@PlCJjBXlEb@fHVxDVvDzAfUn@hKz@zMp@hKJ|AHdADb@Fh@LvAR|Bb@jGVfEXtDBPX~DFl@Fd@F^Hd@Pv@vA|Gp@~CRfARbADXBXDdABV?J?K@q@AW?OAUJxA?J?K?w@Ai@Ak@Aa@Eq@Eq@I_AIm@K{@M_AGm@S_BMeAIs@Ca@s@gIi@qATb^LPLvATbD`@jFLrBL~Ab@|FDr@LvBHzAJ~BLhCRjEJvBHdBNnDFtABl@PjDV`E`@rGHfA@zAHhAJfAHr@NpALfAJ`AP`BRnBFj@bAdPB^HbA@`@Bd@B`AFlABv@Bx@Bp@Iu@Gq@Dr@Bt@?^GcAE]Ce@BlABp@Bl@UmCSgCi@gGc@iH\X]Yb@hHh@fGRfCTlCCm@Cq@CmABd@D\FbA?_@Cu@Es@Fp@Ht@Cq@Cy@Cw@Fn@F|@@TB\RbDTrDHdADz@H~@LxAJjALpAHnASPRQIoAMqAKkAMyAI_AE{@IeAUsDScDD^@H@FFb@Fh@Ht@Fh@Dh@HhADr@Fv@Fx@Fp@J~@J|@Lz@Fb@Hb@H`@Jb@Lf@Pn@HZ@JLp@DPDR@BHb@FVBP@R@H@jADf@@PDd@DTDPBRDRBTDX?H@JBPBTBRZvBBRDRDRDRl@rCDRBPBXDt@Fn@Bl@Dl@Fv@Dl@Dl@Dl@@RF~@Bd@Ft@Dr@@P@X@N?v@?T?P@J?HBZ@H?H@N?d@An@?RATAH?JCTADCZALG|@IbBC`@SxCEx@Cb@A\ANCXALCVAPA\?NCVXCYBg@dFIdAE|@C\A`@A`@Ad@?f@Ab@Ar@Cb@A`@C^Cf@YdFCXCZCPIz@CNCZEp@CZCTMhACTC\MrBOrB]lFU`ECXCRGf@CRC^Et@KdBE^CPEd@CRC\K|AC\CNGj@ANEZE~@UvDUxDMfBK`BEz@Cd@Cz@Cb@?j@?dA@~@SYRXBfEBpCBjE?P@`@HjA@d@?J@n@Bd@@b@FnCFxCFpCVhL@^?b@?N@R@p@CpAAdBEbBGpF?f@@^?f@CbBC`ACrACh@Cb@CZE^If@CRI^K`@Of@a@pASp@IPMb@IVIXKXUt@Ob@Qn@Uj@Vg@Ra@FKNYXk@P[N_@\gAU~@Mh@GXK`@YhAI^Of@Yn@Uj@KRa@p@QVk@j@
11,bv`nEqmarBb@LhEC`DFv@BpBDzAFlAHdAHdCT`AJfFx@jGrA~D|@`E~@pE`AHB`@HhBb@f@Nh@Pj@Tx@^vBbAz@`@dBx@^PnAl@|@b@`@Tx@f@d@\@[AZvA`A^X`@Zd@d@RRZ`@V^dAdBnBnDb@x@Xn@Tl@b@nA|@pCN^HXRp@Rt@Rz@VlAb@zBd@`Cn@fDb@~Bh@hC~@`FVjAp@~CXjA^zAd@bB~@~Cj@dBt@pBl@~AbKlXnH`SjAzCpBnFFRpIhU|J~WjCbHz@~BPd@zK~YvC~HjA~C~BlG~BjGj@xAtAxDlA`Dp@~At@pB~A`E~@fCTb@LXVl@HVJDKEjB`FPh@T|@J`@Rj@bBnE~AjE|ChId@rAdAjCh@lAzAbDh@dApAbCbGnKj@~@tEfIj@`AnBlDlB`DdA|Av@hAd@l@r@`Av@~@`@f@jD~DtA`Bx@|@h@l@`BlBtDhE|@bAh@n@rCbDnA~AtAnBtItNbAvANTVb@bAbBtAzB|@vA~A|BFPGQ`ApA\b@^b@r@`Ad@d@`@`@x@v@~@v@rCxBlElCrHfDtBl@bCt@nBp@nB~@`D|AdDtBxPfLt\fU|EdDfCdBdBjA`BhAjBnAxAfAl@f@~@|@v@t@j@n@z@bAr@|@^h@t@hAdAhB`AjB`@|@`@`A\|@^dAx@lC`@~AZzAZ~ATvAPtAPdBLvAHzAFhADpBB`B?hAAbBE~AErAGhAI~@Ef@KjAUnB_@bCQhAUpAWtAa@rBc@pBe@nB]nAYbA[dA]`AYv@a@dAg@nAk@pAm@pA{DrIKTYl@s@|AWj@O\[r@[n@Sb@a@x@c@z@y@xAAr@@s@y@zAuAdCe@z@Yb@MRMNc@l@_@d@w@~@_AhAu@z@u@x@aAbAcA`Ai@f@[Xa@\UP]XgAz@GB]XOJkBrAkAx@qA~@mBtAeBjAsDjCoDfCqHlFyDlCwCvBhAy@iAx@cH`FqE~CkE|CwBzA_RvMgBnAqBvA}FdEcEtCqFzDuKxHgBpAkE|CkE|CiBrAkBrAoE~CEBwAbAyAdAqBvAoBvA{@l@y@l@s@d@aAp@^YLMn@i@_BjAq@d@eAt@eAv@eCdBsBxAaBhABi@Ch@eBpAqBtAeExCg@^c@XcCdBkDdC{DpCyDlCwF`E}K~H{IlG}AfAyB|AyJbHmHhFwQpMwQnM}AdAsMjJaLbIMJ{ApAq@d@mA|@aAp@qDfCsEbDyDlCWDVEyCxByCtBaAr@eBnAWRg@ZyB|AeGjEeGhEoBtAmBrAwCtBgFrDuEdDSLsBzAuA~@eBnAcAt@aAp@a@V_BjAoA|@aAt@cAv@q@l@i@d@e@b@aBdBo@p@k@p@c@d@a@b@QV_@b@[`@{@jAc@n@e@n@g@v@q@hAe@z@_@t@g@fAQ^Yn@g@nAg@pA_@fAY~@Qf@Qj@c@~AETU~@WjAOn@Ox@QhAqErWuHhc@uGn_@wC`QqAjHCPq@zDcBvJOz@OfAIn@Ef@ARGp@EdAEh@ATAJIh@ALCTANCZALGd@?}@?s@@M@YD_ACTALGd@ALCTCd@Cj@CTCPWlBcAbH[~BiBdM`@hAa@iAhBeMZ_CbAcHVmBBQBUKnBQdDANCVEZIt@OdAM|@aBfLsAnJABSxASdBMlAOvBIjAE~@Av@E`AANQlCCXIlACV?TAN?zAAP?ZEnB?^?p@@ZB`@HjAh@zHFfAL`BTbDVrDNzBRzCb@vGd@zGLfBDf@@r@@t@Br@@PpCxa@ZtEHjAIkAh@pHd@jHT|Cf@|Hn@fJl@fIn@hIN~AV~BJbAFn@X|BRjBJjALvANnBRdCF^G_@NlBLnBR|CHxBJrBP|E`@`GNpBPfCRzCHpBD|ABnA@rA@x@?fA?dCElFA`DARA`DAlACpDCnDGfGRHSIG|EA~AAbBCvAAaCClBEfEAfA?~@ArADzAFrBHfCH|BN|BJbBNpBVfCLhANlATbBe@Pd@QLz@V~AN~@PdAj@rCd@|BNv@hAjFtAxG`BxHRbAzBpKR~@xAfHGH~Zh{ACg@PlCJjBXlEb@fHVxDVvDzAfUn@hKz@zMp@hKJ|AHdADb@Fh@LvAR|Bb@jGVfEXtDBPX~DFl@Fd@F^Hd@Pv@vA|Gp@~CRfARbADXBXDdABV?J?K@q@AW?OAUJxA?J?K?w@Ai@Ak@Aa@Eq@Eq@I_AIm@K{@M_AGm@S_BMeAIs@Ca@s@gIi@qATb^LPLvATbD`@jFLrBL~Ab@|FDr@LvBHzAJ~BLhCRjEJvBHdBNnDFtABl@PjDV`E`@rGHfA@zAHhAJfAHr@NpALfAJ`AP`BRnBFj@bAdPB^HbA@`@Bd@B`AFlABv@Bx@Bp@Iu@Gq@Dr@Bt@?^GcAE]Ce@BlABp@Bl@UmCSgCi@gGc@iH\X]Yb@hHh@fGRfCTlCCm@Cq@CmABd@D\FbA?_@Cu@Es@Fp@Ht@Cq@Cy@Cw@Fn@F|@@TB\RbDTrDHdADz@H~@LxAJjALpAHnASPRQIoAMqAKkAMyAI_AE{@IeAUsDScDD^@H@FFb@Fh@Ht@Fh@Dh@HhADr@Fv@Fx@Fp@J~@J|@Lz@Fb@Hb@H`@Jb@Lf@Pn@HZ@JLp@DPDR@BHb@FVBP@R@H@jADf@@PDd@DTDPBRDRBTDX?H@JBPBTBRZvBBRDRDRDRl@rCDRBPBXDt@Fn@Bl@Dl@Fv@Dl@Dl@Dl@@RF~@Bd@Ft@Dr@@P@X@N?v@?T?P@J?HBZ@H?H@N?d@An@?RATAH?JCTADCZALG|@IbBC`@SxCEx@Cb@A\ANCXALCVAPA\?NCVXCYBg@dFIdAE|@C\A`@A`@Ad@?f@Ab@Ar@Cb@A`@C^Cf@YdFCXCZCPIz@CNCZEp@CZCTMhACTC\MrBOrB]lFU`ECXCRGf@CRC^Et@KdBE^CPEd@CRC\K|AC\CNGj@ANEZE~@UvDUxDMfBK`BEz@Cd@Cz@Cb@?j@?dA@~@SYRXBfEBpCBjE?P@`@HjA@d@?J@n@Bd@@b@FnCFxCFpCVhL@^?b@?N@R@p@CpAAdBEbBGpF?f@@^?f@CbBC`ACrACh@Cb@CZE^If@CRI^K`@Of@a@pASp@IPMb@IVIXKXUt@Ob@Qn@Uj@Vg@Ra@FKNYXk@P[N_@\gAU~@Mh@GXK`@YhAI^Of@Yn@Uj@KRa@p@QVk@j@
12,jghlEsi|rBTk@r@J|@PtAT~@PfAPdARv@Lp@L`ANrAVt@LnATjAPxAXpARdARZFz@NXDdARj@HrAVv@LfARXDr@LpAT`BXjATnARhARvAVxAVz@Nn@J|@Px@NpARfAPlAT`BXxATpAVvATzAX`APtAT|AXxAVrAVxAV`BXvB^hBZbAPtB^~@N|@NhARr@LrARnARr@HfALj@F`AJ|@HbAJv@F|@DhAHvAFxADdBDp@@dB@lBAjB?pBAhBApA?zBAdBArBAbBArB?bBAhHCpAA|BAxBApCAjA?t@?~A@bA@~@BdBDBKCJrBJnDLnBHnBHnCJfDLD@H?b@BbCHfCJzBJhADnAD`BHnCJpCHlCLbGTzDP|CJ`ADrBHtCLfBJdAF~AJdBNpALnCZzATfANtAVpAVjAV`B\tBb@`Ch@bB\zBf@nB^z@Rv@NbAR^Ht@L~@N`BPz@Jz@HzBR`@FZFp@JXDl@HTD^HLDTH`@LNFPDp@Tp@Lb@F^Fz@J~J`ArFh@b@FZD^FESDRXD\BN@b@?TA`@Av@Cb@AB?XAH?RAP?Z?R?p@DXBlLhA`Q~AdAJdCV|BRnBP~BRbCTt@Db@Dp@F`BL|@H`AFdBNx@Fx@HvAJxBR`@BnAJxALnBPjCRbAJbCRVBn@HjAXPDb@LTFVFVBV@L?V?V@\BxBR`CPzBRnBPZBCSBR\Ff@H`@DN?TAj@Ap@Cv@A|@Hl@@\@j@B~@HdCRfDXxALjDXvBPzALdDXrCTxBR~DZxBP~CXbCPhBPr@Fp@FbBLfE^hAJbAL^Fl@Hd@JfB\dB`@fBh@hA^zAh@^Pn@X^N\PdAh@`@Td@VpAv@jAx@n@`@`Av@l@f@t@n@nAjA~@`A|@`A\`@n@x@l@r@`CvCt@|@h@n@b@d@f@f@TTj@f@~@x@t@h@`@V^Vp@`@l@\~@f@|Ar@pAd@z@Xr@TrAZv@PfARh@Hj@Hh@Dv@HTB`AHt@Fd@B~@@bAAn@Ax@AX?t@GVC\El@IXEb@EZ?ZAbB?jD@p@?XbAYcA~@?fAB~AFtBJZBXBn@Fd@F~AJ~FZ`CPv@Ht@LpGjAp@Nr@Nl@Pn@Pj@Rh@Th@Th@XxBnAjDvBlBhAjBjA~AhA|AjAnAdAlAfAbBzAr@t@`D~CdMdMfHhHxCvCtBxBdBtBNPtCxDhAbBbA~A\j@|@~Av@zAjAbCtA`Dj@vAjA~CzAzErAbFjAnFn@dDh@`D`@zCb@hDtArLn@pFt@pGNrANdAv@jFd@rCPv@dAlF`AdEbAvDnAdE|ArEnBnFjCjHpBpFlBhFhB`FfC~GrBnG|AnFpAbFz@~Dr@hD^nB\vBp@tEj@vEVtBRxBPnBPpBJfALnBHvALjCFpAF`CJlEBzA@jC@rB?fBCvBC|CG|BOlGYtK]hNGfDC`DAxB@nA@hAB|@Bx@DjADbAD`AD~@LtBT~BTtBTjBZtB^|BbHt`@xBbMbDtQpCzOQw@WiAN|@Jj@x@nEl@lDGZF[`@xBvCpPLl@tClPNz@b@hC\tBVtBFt@HlABf@Dr@@d@BdA@x@?x@At@?h@EnAEhAIxAMrAGn@Kr@OhAMp@Mj@Mj@Ot@m@|Bw@nCk@nBaAhDqApEg@rBg@xB]nBYxBQvBIbAEzAEvA?|B@|BH~BPxBTzBZpBb@zBf@pBj@pBt@lBr@fBx@dB|AlC|AlBnA~AbAbAjAbA`BhAhBjAdBz@tAl@r@T|@XrBd@fJpBtBd@xBd@j@Np@NfAVtOhDbNzChB^fB`@~A^`Bb@~@Z~@^jAd@jAh@|@b@~@d@xBpAv@f@fB|@\RfAr@nBlA`CzAp@`@n@`@`Al@pAr@~Az@dD~A_@W^VhBz@n@Vl@VFDx@d@`@X`@Zb@b@h@l@`@j@R\Vd@Vh@^~@V~@Nh@Jj@NjAHnABl@@v@Cz@Cr@C`@Gj@Kx@gBpKgBrKi@hDKr@Gr@M~AGdAA`AA|@@~@@bAFxAH~ARzDXfFHxB@lA@jA?bAAdBGdBInBc@~J{Dj|@u@dPUrFUbFCv@Cx@?x@@x@?d@B|@BnAdE~xAR~J^zMZvLb@pOThITjId@`QLjELpEFhBBt@Bp@Fx@NtAHp@Jn@Fb@Lj@Nt@Rv@H\XbAXbAj@rBNj@\jAZjAd@|ANd@Pf@Zt@Rb@\r@~@lBfAtBl@lA~@dBhA|B`@v@lAbCl@tA`@`ARl@Xz@Rp@Rx@Pt@Jf@Lz@\pBnBxMZxB\zBh@pDb@tCf@pDHd@H`@Jl@FZJ^Jb@XfAn@~Bp@bCX~@fAdEh@jBl@xBd@~ARx@l@vB~@hDZjAV|@Tz@Rr@L\JZNd@Rd@Pd@Vl@Vd@^t@Xd@^l@`B~BjEdG`AtAl@Vm@WrAhBlBlCtErGrAlBf@p@TZHLr@`Az@jAv@hA|@nA|@lAv@fAh@r@z@lAfCnDrAlBtEhGjN|QxGtI{B}BzB|BX^rBjCxBlC|CbEtAhBrCrDpBfCnBfC`BvBvAfBTTVXh@f@d@b@lA~@z@l@|AhA|AhArBvArAbA`Ap@v@j@`Ap@|@p@fM`JbFnDbFpDfEzCnDhCzAdAzFbEzEjDzB`Bx@n@v@r@`AdAt@`Ad@p@h@v@v@hAhBjCjBhCj@x@x@r@y@s@jF~HdBdCf@t@|@pARXZh@h@|@bAzAnDjFzClEbGvI`GzI~N~S\j@lNnSvObUrJnN~CvEvOfUpLzPfBdCHNdBjCl@hAr@~AI@HA`@bAPf@Pj@Tp@d@bBZzALp@Dh@Ft@Dt@nBle@RtFd@tK@PLvDHfBHdBVhGBx@RhFThFHrBVzGLlCDfB@f@?l@?zAClAI`BM`CCd@Cj@CTCPWlBcAbH[~BiBdM`@hAa@iAhBeMZ_CbAcHVmBBQBUKnBQdDANCVEZIt@OdAM|@aBfLsAnJABSxASdBMlAOvBIjAE~@Av@E`AANQlCCXIlACV?TAN?zAAP?ZEnB?^?p@@ZB`@HjAh@zHFfAL`BTbDVrDNzBRzCb@vGd@zGLfBDf@@r@@t@Br@@PpCxa@ZtEHjAIkAh@pHd@jHT|Cf@|Hn@fJl@fIn@hIN~AV~BJbAFn@X|BRjBJjALvANnBRdCF^G_@NlBLnBR|CHxBJrBP|E`@`GNpBPfCRzCHpBD|ABnA@rA@x@?fA?dCElFA`DARA`DAlACpDCnDGfGRHSIG|EA~AAbBCvAAaCClBEfEAfA?~@ArADzAFrBHfCH|BN|BJbBNpBVfCLhANlATbBe@Pd@QLz@V~AN~@PdAj@rCd@|BNv@hAjFtAxG`BxHRbAzBpKR~@xAfHGH~Zh{ACg@PlCJjBXlEb@fHVxDVvDzAfUn@hKz@zMp@hKJ|AHdADb@Fh@LvAR|Bb@jGVfEXtDBPX~DFl@Fd@F^Hd@Pv@vA|Gp@~CRfARbADXBXDdABV?J?K@q@AW?OAUJxA?J?K?w@Ai@Ak@Aa@Eq@Eq@I_AIm@K{@M_AGm@S_BMeAIs@Ca@s@gIi@qATb^LPLvATbD`@jFLrBL~Ab@|FDr@LvBHzAJ~BLhCRjEJvBHdBNnDFtABl@PjDV`E`@rGHfA@zAHhAJfAHr@NpALfAJ`AP`BRnBFj@bAdPB^HbA@`@Bd@B`AFlABv@Bx@Bp@Iu@Gq@Dr@Bt@?^GcAE]Ce@BlABp@Bl@UmCSgCi@gGc@iH\X]Yb@hHh@fGRfCTlCCm@Cq@CmABd@D\FbA?_@Cu@Es@Fp@Ht@Cq@Cy@Cw@Fn@F|@@TB\RbDTrDHdADz@H~@LxAJjALpAHnASPRQIoAMqAKkAMyAI_AE{@IeAUsDScDD^@H@FFb@Fh@Ht@Fh@Dh@HhADr@Fv@Fx@Fp@J~@J|@Lz@Fb@Hb@H`@Jb@Lf@Pn@HZ@JLp@DPDR@BHb@FVBP@R@H@jADf@@PDd@DTDPBRDRBTDX?H@JBPBTBRZvBBRDRDRDRl@rCDRBPBXDt@Fn@Bl@Dl@Fv@Dl@Dl@Dl@@RF~@Bd@Ft@Dr@@P@X@N?v@?T?P@J?HBZ@H?H@N?d@An@?RATAH?JCTADCZALG|@IbBC`@SxCEx@Cb@A\ANCXALCVAPA\?NCVXCYBg@dFIdAE|@C\A`@A`@Ad@?f@Ab@Ar@Cb@A`@C^Cf@YdFCXCZCPIz@CNCZEp@CZCTMhACTC\MrBOrB]lFU`ECXCRGf@CRC^Et@KdBE^CPEd@CRC\K|AC\CNGj@ANEZE~@UvDUxDMfBK`BEz@Cd@Cz@Cb@?j@?dA@~@SYRXBfEBpCBjE?P@`@HjA@d@?J@n@Bd@@b@FnCFxCFpCVhL@^?b@?N@R@p@CpAAdBEbBGpF?f@@^?f@CbBC`ACrACh@Cb@CZE^If@CRI^K`@Of@a@pASp@IPMb@IVIXKXUt@Ob@Qn@Uj@Vg@Ra@FKNYXk@P[N_@\gAU~@Mh@GXK`@YhAI^Of@Yn@Uj@KRa@p@QVk@j@
13,vu`nE}`noBh@k@PW`@q@JSTk@Xo@Ng@H_@XiAJa@FYLi@T_A]fAO^QZYj@OXGJS`@Wf@Tk@Po@Nc@Tu@JYHYOZMXJ]J[J]J[La@^mAHc@NkAH{@LcAH_ABg@@_@FqEB_B@iAJgG@sA?y@?i@?o@C{@ScJCmABm@?O?WAo@Cc@Ce@E_@Ea@Ea@I_@Os@w@oDa@aBc@wBQu@Ki@Ga@Iq@K}@G{@_@}FMTLUG}@IiAEg@Iu@_@cDQyAGa@ScB[cCqBwM]gCMy@MeAGc@KeACk@Em@EoAAaAA_AC{C?QAe@C]Ag@?WEq@Cm@Cg@?QAg@CSAk@Ak@AcC@k@?YBk@Du@FeALaCx@qLFiAFqABq@?_@@w@?]Aa@Ak@Cu@GaAGsAQqC?Ia@_HG_AKgAiCkRy@yFKm@Ko@Ou@Ok@]wAm@oBoBoGL^M_@mBgG_@uAWcAG_@Ow@SsAO_AQuAKo@QsAQmA]uBgAkH}AiKk@yDSwASsAG_@YkBIi@Ks@YgB[yBAKSqAWgBYgBCQYiCg@mDi@qDUeBe@_CQm@Qk@Qg@Ui@Wc@S_@]g@[a@i@o@e@g@QSeAmAuA{AcEoEoDmD_B_B}A_BeRySiSaUaAeAW[i@q@a@g@a@m@e@y@a@y@y@eBmAmCmEuJn@hCo@iC{@iBQ_@k@oAo@sAm@qAWg@Q]Ye@a@k@[a@Y]a@e@c@e@kAkAkAkAwByBa@a@c@c@{@_A[c@OUYc@U[_@i@u@oA]o@_@u@Yq@Qe@K[Oi@Ka@Ki@Kg@Ie@Kw@Iw@Eg@Cm@AYAi@Ae@?c@@i@@m@Bk@Bg@Bg@NeCPcDDk@Do@Bk@B{@?a@?_@?S?YAa@Ca@Ca@Cg@E]Ec@mAcMSsBU}Bo@yGeBoQ[iD_@yDsB_Tq@qHQmBWgCSsBMmBK}CDl@LtAD\D`@B`@Dj@Dp@Fj@Hn@Jp@VxAHj@YwCKmAGm@Em@Ei@Ci@Ey@Cy@Cy@CcAKcDEuAIqCEuAIsBGoAi@yAh@xAFnAHrBDtAHpCDtAJbDBbABx@Bx@Dx@Bh@Dh@Dl@Fl@JlAXvCIk@WyAKq@Io@Gk@Eq@Ek@Ca@Ea@E]MuAEm@C]_@cJCWU_G]uH_@aIWmGK}AKeBOgBQeBy@wIwFam@[cDCm@G}@Ck@Co@Ag@AkA?y@@}@DeBBo@Ds@Bg@Fo@P{ATeB`@wB\uAf@gBfA}CxKwYPi@Nm@n@_BzBcGpBkFHSlAkDbKsYb@uA`@}APw@V}ANeAJgALkB`@mHl@sKb@yH@r@As@XwFB]nBe^h@oJ?K\iGNoCLeCFw@Hy@D_@D]NkAFYF[FYTaAV_A`@kA`@aAb@_AQNPOj@aAd@s@NYT[pDqFlAiBfBmC`@k@fAiBd@}@v@gBd@oA`A_DZaAT}@Pq@Lq@Jm@H_@D]Dw@DaABkA@aC?gC@aC?iC@gBHoARgCFm@Fe@PiAHg@\iEDW@MTqAb@sC^gCVeBRwA?CN}@fDyUNgAP_AJo@D[NmA@MBUGpAGnAGj@Ej@Kz@Kv@[vBc@~Ca@rCo@lEORNSn@mE`@sCb@_DZwBJw@J{@Dk@Fk@FoAFqA@QVcFHuAD_AHuBDoA@m@?m@Am@Ao@G}AKmCUgGSgCUiFSiFCy@WiGIeBIgBMwDAQe@uKSuFoBme@Eu@Gu@Ei@Mq@[{Ae@cBUq@Qk@Qg@a@cAI@HAs@_Bm@iAeBkCIOgBeCqL{PwOgU_DwEsJoNwOcUmNoS]k@_O_TaG{IcGwI{CmEoDkFcA{Ai@}@[i@SY}@qAg@u@eBeCkF_Ix@r@y@s@k@y@kBiCiBkCw@iAi@w@e@q@u@aAaAeAw@s@y@o@{BaB{EkD{FcE{AeAoDiCgE{CcFqDcFoDgMaJ}@q@aAq@w@k@aAq@sAcAsBwA}AiA}AiA{@m@mA_Ae@c@i@g@WYUUwAgBaBwBoBgCqBgCsCsDuAiB}CcEyBmCsBkCY_@{B}BzB|ByGuIkN}QuEiGsAmBgCoD{@mAi@s@w@gA}@mA}@oAw@iA{@kAs@aAIMU[g@q@sAmBuEsGmBmCsAiBl@Vm@WrAhBlBlCtErGrAlBf@p@TZGGOQUYg@k@QWq@y@}@{@UYEE}BsCu@_AuAoBgCmD}AyBuAmBW]a@i@CCSYIIMO_@[QKWMQISGYIMEKC_@ISEk@GWC]AQAQ?W?S@O?U@SB[Dg@F_@HgCh@a@HyAZ{AZmGtAmFfA{MtCmKzBqAVuK|BqCl@cPjD_JlBsB`@sA\cAVsCx@qAd@iBr@uAl@uKdFoDbB}L|FkHhD}OrH}JxEyExB}EbC_EhB{CxA}FjCwEzBgBx@e@R[LOFYJi@Pq@Pq@Ps@Ls@Jo@Fm@Fk@Dm@@s@@o@?Y?SAo@Cu@CkAKaEWmF]eEUcBMeBKeEYmEYmEYsCSo@Em@EgAKy@ImBUgBOcAIm@Ee@Cw@Gy@Ee@Ei@CuAKy@GqBMeCQp@m@q@l@OAeF]k@Ee@EqAMs@I{@Kg@Ge@Ee@GsAQeB[aB[yBa@kGkAcF_AqAYIAKCIAkDq@kKoB{L}BoB_@oB_@iFcA_LuB_LuBuOwCaASw@OeBQdBP}PcDaB[uASUEa@E]Cg@Ea@AaACm@Ao@@m@BY@i@Di@Dc@Fe@Fi@Hk@Li@L]Je@N_@Lo@To@Xa@NyAp@mGpC}HjDaBr@eGlCmGpCuAj@eAb@w@\w@ZkA\y@RsAZ_Dn@cEx@mEdAkB`@gB^qFhAcIdB}Bb@cAV_AN_BVi`@`F__@vE_NfBUBcA@bAAiDb@aD`@wAReBR}ATsBVeBT{ARcCZqBVcCZmBT}AReDb@aALcAHc@B_@Ba@@a@@e@?k@A[?i@CuAG_AEcAGgBIuCM_BIqBKq@EcBIcAEy@EaAEaAAo@?a@@o@Di@Fe@Ho@Nq@Po@Tk@Vg@Vc@Vq@f@_Ap@iAz@cAt@s@h@cAv@}@p@_Ap@o@d@m@d@o@b@_@Ze@XYTGDi@`@OLo@h@y@r@e@^s@j@m@b@yAhAcBlAmBxACEBDwAdAq@d@[T[RWN[N]Pe@RWJYJa@L]JYHMB[H_@HIBYFSDm@PUF{@Xo@Rq@PaBb@wVdGg_@dJgG|AoOvDgHdBcInBeAXoAXi@Jk@JgAR}Ev@iB\oBZeJzAiFz@}AV}B\y@HsANeAHoAH{AHiCLaBHk@Bg@@s@?_@?sACa@A_@AcAGeAGuBOwAKqAImBM_AEk@EW@e@@o@@m@Bg@Fc@D_@F_@F_@Hc@Lg@N]L]L_@P]Pg@Vg@^kBrAuIjGuAbAmBxA}@n@{DtC{CxBgClBkE`D}GbFeAv@{BbB{HxF}EhDgCpBoBvAqBbAaC|@cGfCuH~CaAb@oMrFuAj@uGpCiJ|DyAl@aDtA}B~@uClAoCjAgCfAmCfAe@RuB|@eBr@uB|@A@aCbAwAl@oChAgAd@q@\]Pk@Za@XYPa@XYRq@d@gD|BcDxBoEzCqGlEqFrDu@j@q@`@u@d@g@Vi@Vg@Po@Vo@RaAVUFk@DwAZoBPwBDwCB_E@}M@ePHqBA}AIoBY_Ba@oAk@eEgBcM}EoH_DcBa@gAUsAUmAMmAE}AAoABeAF{ANeBVqAZiA^IDuBv@iAp@eAp@kA~@cLrIuQbNGHaO~KQLcCjB{AjA{@p@c@^eA~@iAdAcCvBa@^URQNg@b@oOjNkGvFmAfAwApAo@h@m@`@_@Vm@\_@Rc@Te@ReA^KDiA\y@RuCh@uAVYHe@Lk@J}AXqCf@kDl@wCf@HUITaBXc@Fc@Bk@H}@NYFu@La@Hy@L}APgAHuAAoAEu@G[Ey@M{Ba@i@MaAOq@Mk@MaCa@oHuAmHsAuCg@m@KYIc@Os@UkAi@q@]q@c@eAy@gByAyD_D_EeD{AoAyBgBo@i@cJsHuQcOsD{CiDqC_DkC}GsFyCgCcQqNgF}D{ByAqBkAiB_AaCeAeCcAoE{AyBw@uAk@qAm@mBkAeSqLsFgDaCuA{CmBwCgB}BmAu@]cEcBuFwBeLmEmE}AiAY_@GcAOwAGWA{@Ag@@{C@oACmAKw@K_AQmAYuCm@{JwBoEaAaBc@cA_@o@Ys@_@i@_@k@c@aAu@QIaA{@mDiCe@W}As@KE}@YwA]oAQsAKiA?iA?eAHaAHoAT_Bd@mAh@wAr@mC~AsC`BwAn@kA`@gB^gARu@Hy@B}B?g@Co@Eo@Ik@IsA[}DiA}GoBqD}@iHoBoGgBwBo@wAk@qAq@eBiAk@Yj@X}DeD_B_BsBiBwG}FqDeDmBkBaAaAiCkDyGyMqBuDwBmE]o@sEiJuAkCAAgIoPyDuHq@{Ae@oA_@yAYuAWoAE[KmAIgACsACoC?gDCyDCcBQyBMsASuAUuAm@eCw@iCw@gBcAsBwAqB]e@Ya@_AeAg@g@i@i@gK_Ke@g@QOqAmAqAqAyByByBuB_A}@cCeCmAkAiAiAi@m@q@_Ak@_Aa@w@]y@Si@Wq@Ma@IWK_@]eBi@eDmAsHAX
14,n~e|Cuy`kDJ?~C_ChCiBPMlA{@~DsC~CcC`Ay@XSZ[^]RWV]LWTc@Ri@Lc@J]D[D[B_@@S?U?]A_@A[E_@E[EUGYMc@KWSg@Yg@o@aAsBoCk@w@k@w@qAcBs@aAsAgBs@aAk@u@i@y@Ua@O[IQKWIUMa@SDpCqs@wAaU`@^o@}BYiAQgACg@?i@@_AXuDT_ERkCJ_CAoAMyACWE[Kk@Kc@YiAa@aA]s@c@u@cAgAmAiA{NgMeAcAwDeDyDgDcEsDuEaEeAaAw@_AaAuAm@iAWo@Um@[iAwA_Gg@qCn@nCrAxF^lARl@Tl@l@jA~@pAx@`AdA~@tE`Er@l@jBbB`@^xDfDh@f@QHob@gj@|@?_@yAq@uCq@sCm@gCYmAQs@m@mBg@yAw@kCUaAUgAOw@EYQqAQoA]wAcBeHGWEFDGACEQiA}EqAqF}DoPeAsE_@yAeAmEoAmFa@aBUaAOg@M]K[Uk@Sk@}@_CuAoD_@eAyAsDqAkD_CsGaCmGgAqC]_A]s@]q@c@s@Ya@a@k@m@s@g@g@]]a@]YW_As@oAs@qAk@mCy@yCgAw@]o@_@y@e@yAmAmBiBaAkA}DyFkD_Fw@gAYg@MS]m@Ya@qAiBU_@mBoC{AyBkCuD_AuAi@w@aAuAa@i@e@u@S]O]O[O]IWK]I[G_@G]Ii@Ca@Ce@C_@Ai@Aa@Ac@@_@?i@Ba@?m@?G?m@@S?C@s@?YAw@AUCi@Gy@?ECe@AWCi@Cg@Ci@?_@?OPDQE?N?^Bh@Bf@?_@AQ@Wh@aOBY@UJs@Hy@@GD]DQDWJi@Je@@IHg@Da@JkALmD@c@HqBJsCTuFh@yNLyDHuBFeBHcBDyA@cABiBAy@CcCA_BEyAC{@SwGHAI@GqAKmAIo@UkAIa@Om@Ka@IUSm@Ui@Sg@Sa@OWc@s@g@q@g@o@c@g@}AgBgHcIwCgD{AcBeCkC_AaAaAgAyCkD_BgB_BiBu@_Aa@g@[e@Ua@Wc@Sa@O]Q]Ws@Y{@Qm@Ka@Os@Ki@Ku@Ky@Gg@Eq@Cs@KsD?OCu@Ay@I{CKiECyA]qMCwAGkBK_CCq@[qMCmACqBAuAGiC?OGeBG_DCkAAYAyA?q@@m@@YBm@B_@Dq@H}@J{@Jw@Hg@zBcM`DgQdA_GPeAToAPaABGCFxAeHbAqEjByIhAeFtAuGhBgIzA}GvAyGv@wDVqANmAPyAHmADsA@i@?mAAiAEiAIqAm@gHOiBMyA[_EAOK_CE]?GOcBQgBKkAi@aHHUIT}@qKUoCW{CKsAE{@?cA@cA@i@FcAH_AL}@ZuBjAcHv@yEBQ^eCd@kCv@iFrAaIr@uEv@{EjAgHdCqO`@mCfAuGJc@Ji@Le@J_@J[Ni@Pe@`@iAr@uB`BsEVq@IEHDhAaDb@qA^oAH[Ru@Lq@Hi@NcAFk@Dk@Fy@FiABa@FyAFm@DcABo@B_@Fu@Dw@Dq@n@aMZaGl@wKRyCh@eJPmE@[R_EHyAHmC?MJgBV{EXyF`@yHLuB\aGLeCTiETmE\oGTgEDs@@QFkARmDFgAh@iKXcFHgAH}@PqANaATgAT_ANm@V{@^eA|@gCbAmCDITm@HSJWx@{BzA}D|@aCRi@Jg@
15,n~e|Cuy`kDc@|BjJaHn@]XQf@UBA^Q`@Oh@SLIZOq@`@m@\s@d@WPYRm@b@aItHa@f@W`@S`@_@x@k@zAGPM^GVCNUr@e@hASn@Od@wAnEwAvEgBzFQp@IVGTIXCTETCPEl@A\A`@?RAl@@ZBvAD~AFzAHjC@jABvA@^BZ@ZBXD^DZD`@\jBJh@Z~ARhAZdBJt@Dd@H|@D|@@d@@j@?f@A`@Ab@Cp@IjAWtCs@jIG`BC`AC`@Ah@?d@At@?f@@lAELDMBtADxA@v@@P?HDxABf@@l@TfIAh@@n@JjDBx@?l@AJATC`@G\GXKZKTMXSVQT[XUNYPWJUFIBQD[DWB[Bc@@gELqADc@BeA@i@@iA?i@?k@@c@@wI\_@Bg@FyANYBYBe@@u@BgHXkCJ}BBYA]?YAo@CWAkAKw@I}@Ki@Is@IyAQ_AOg@Kc@KYIa@Ma@Oo@Yi@Wi@[WO[QqAw@sAw@gDoB[S_BkAc@[w@m@e@a@YUUUm@m@a@g@kA_Bw@kAs@cA{DuFw@iAg@u@Ya@g@q@a@i@SWQSOOSSUQa@W]Uq@]a@QYKm@Qi@MWE]EQCUC[AYAu@AmACo@CgAEe@Ce@E_@CiAOwAQq@I_@EOCM?WAQA]?]@U?YBSBUBOBUD[FMDWHWHq@XULMDeAZyAf@g@Pc@Ni@PmA`@a@N]LUHNPOQeAb@[Nk@Pk@RMDsAb@m@PlBe@kA`@SFq@TgA^eBj@_Bh@gA\g@Py@X]HYH_@HODQBYBkALWBU@W@Q@UA_@?uB?MAk@?[?m@?u@Ce@C_@Ea@Ea@Gs@MyA[w@M{A]qLcCmB_@iB]oBa@_Ey@qKwB_Ey@_Dm@{@Sq@O_B]aB[}A[k@Mm@Ok@O_@Kc@Ug@Uk@_@mA_AiBuAw@o@_@]UU_@e@OXNYOSQWOWOYO[M[Ma@K]K]Ia@G]Ko@OiAGe@Ku@Kg@Oo@K_@Su@M_@Qi@Qg@Ug@KYk@mAkA{B_AeB_DeGKS{@cBGOaAkBIMi@gAo@mAqAeCkA{BsAkCwAoCMSg@aA[o@Wi@g@_Ag@w@g@s@aAkAuAwA{ByBg@c@UMYS[Q_@S]M]Ki@OWEa@ISAg@Ea@Ag@?m@Bg@De@Ha@D[Hm@Re@Rk@Ze@Zo@h@i@l@mAvAeAlAs@r@m@f@}@r@w@j@y@h@u@`@u@b@m@Xg@R_@NYJm@TqAb@q@Ns@Pw@Pq@LiANwAN}AJ}@F{BDkABcABiCFwADq@@}@@gABuDJkABO?u@BM?e@?]?o@?a@?qADg@@a@@_CFkA@cIPNJOK}KVyABk@DWBo@Dw@@y@?oA?O?sBAuA?{@FkBJoBPq@Hg@HgARm@Pc@L]LoAh@aAd@_Ad@q@`@i@\g@Za@Za@ZMJa@^YT]^YXc@f@e@l@g@p@]f@a@n@o@nA]t@KTUl@c@hAOd@Md@Qn@U|@c@|B}@jFEPYbB_@tBqC|Os@fDy@rDi@vCiAxGGUFTi@zCi@|CSjAYxBQvAe@xCq@zDyBfM]nBw@rEeIxd@CNMt@m@jD_@xBwK`n@mAfHu@lEuCjPaErUiBbKqCbPWKVJc@dCwB|L}A`JOv@QdACPKb@Uz@Qv@YvAa@zBSdAQ`AOn@Qp@a@pAWt@a@bAm@rAg@bAg@`Ae@v@u@fAk@x@yBzC_BtBcCdDmBhCyC`E_BvBgB~Be@j@}@`A]Z}@x@e@b@_BjAiAv@aB~@mAl@oAj@cA`@q@RiA^mAZgAVq@L}@Ng@Hw@HgALeAFmDX}UhBm@FiBTq@D{EXw@DgF`@_AO~@NmDXcBLgAJsBNsAJ_AJ}@Jg@D[@_AD}AJcCR}BPqBNuBPiBL{CTgCRiBNuBNqBPiCPqBPwCTsCRwBPwBPcAHi@FqAPcAPiATw@PeAZu@To@Tc@NwAj@iAj@iAl@cAl@i@^eAp@qA|@}B~AsBvAuBxAqNvJaC`BsBvAgBlAk@`@w@h@o@d@mAv@uA`AsA~@_BfAoAx@k@^k@\m@Zw@`@u@ZYLq@XaBj@e@NiAZm@N{DbAiFrA_EdAyDdAmBb@kUdGsCr@aLxCfAXgAY{@P}FzAuGbBgCp@uD`AqD~@uIzBiFrAcAZ{@Xy@Zo@XsCtAyAz@wA`AiDvCwC~CqCjD{GdIuJrL}KdNoG`IuCzCgBvAo@h@y@j@iAr@k@\g@VkAj@g@Te@Rs@Vy@XcAZs@ReAVw@Na@Ho@Jy@Jq@HgAJeAFkAD}@Bo@?u@?kACe@Am@Cm@Cu@G_@C{@KqAQeAO_AS}@SwAa@k@Qe@Os@WaAc@o@WwBeAoCqA{CwAaEmBaEmBiK_FMGyHqDsVmLyVoLaBq@qAc@wAe@}Aa@kB]kBWu@Is@G{@Gq@Eg@AqACgAAiA@kBFs@DqCJkDN}ERm@@_@?e@?w@D}@B_ADm@@_A?_A?o@A}@Cg@Ak@Ek@Ew@IkAMm@Ic@I{@Ou@QeAWy@Ug@OmB_@gCu@qBi@yMuDkEoAwEqAm@QiBg@m@MwAYi@I}B_@_Fs@{TiDiRsCeBWsFy@KCC?y@Io@E{@IiAIm@G}@M_AOeBYe@GcBWqASc@C
16,vtrzCkgmjDb@BpARbBVd@FdBX~@N|@Ll@FhAHz@Hn@Dx@HB?JBrFx@dBVhRrCzThD~Er@|B^h@HvAXl@LhBf@l@PvEpAjEnAxMtDpBh@fCt@lB^f@Nx@TdAVt@Pz@Nb@Hl@HjALv@Hj@Dj@Df@@|@Bn@@~@?~@?l@A~@E|@Cv@Ed@?^?l@A|ESjDOpCKr@EjBGhAAfA@pABf@@p@Dz@Fr@Ft@HjBVjB\|A`@vAd@pAb@`Bp@xVnLrVlLxHpDLFhK~E`ElB`ElBzCvAnCpAvBdAn@V`Ab@r@Vd@Nj@PvA`@|@R~@RdANpAPz@J^Bt@Fl@Bl@Bd@@jABt@?n@?|@CjAEdAGfAKp@Ix@Kn@K`@Iv@OdAWr@SbA[x@Yr@Wd@Sf@UjAk@f@Wj@]hAs@x@k@n@i@fBwAtC{CnGaI|KeNtJsLzGeIpCkDvC_DhDwCvAaAxA{@rCuAn@Yx@[z@YbA[hFsAtI{BpD_AtDaAfCq@tGcB|F{Az@QfAXgAY`LyCrCs@jUeGlBc@xDeA~DeAhFsAzDcAl@OhA[d@O`Bk@p@YXMt@[v@a@l@[j@]j@_@nAy@~AgArA_AtAaAlAw@n@e@v@i@j@a@fBmArBwA`CaBpNwJtByArBwA|B_BpA}@dAq@h@_@bAm@hAm@hAk@vAk@b@On@Ut@UdA[v@QhAUbAQpAQh@GbAIvBQvBQrCSvCUpBQhCQpBQtBOhBOfCSzCUhBMtBQpBO|BQbCS|AK~@EZAf@E|@K~@KrAKrBOfAKbBMlDY_AO~@NfFa@v@EzEYp@EhBUl@G|UiBlDYdAGfAMv@If@I|@Op@MfAWlA[hA_@p@SbAa@nAk@lAm@`B_AhAw@~AkAd@c@|@y@\[|@aAd@k@fB_C~AwBxCaElBiCbCeD~AuBxB{Cj@y@t@gAd@w@f@aAf@cAl@sA`@cAVu@`@qAPq@No@PaAReA`@{BXwAPw@T{@Jc@BQPeANw@|AaJvB}Lb@eCWKVJpCcPhBcK`EsUtCkPt@mElAgHvKan@^yBl@kDLu@BOdIyd@v@sE\oBxBgMp@{Dd@yCPwAXyBRkAh@}Ch@{CGUFThAyGh@wCx@sDr@gDpC}O^uBXcBDQ|@kFb@}BT}@Po@Le@Ne@b@iATm@JU\u@n@oA`@o@\g@f@q@d@m@b@g@XY\_@XU`@_@LK`@[`@[f@[h@]p@a@~@e@`Ae@nAi@\Mb@Ml@QfASf@Ip@InBQjBKz@GtA?rB@N?nA?x@?v@An@EVCj@ExAC|KWNJOKbIQjAA~BG`@Af@ApAE`@?n@?\?d@?L?t@CN?jACtDKfAC|@Ap@AvAEhCGbACjACzBE|@G|AKvAOhAOp@Mv@Qr@Qp@OpAc@l@UXK^Of@Sl@Yt@c@t@a@x@i@v@k@|@s@l@g@r@s@dAmAlAwAh@m@n@i@d@[j@[d@Sl@SZI`@Ed@If@El@Cf@?`@@f@DR@`@HVDh@N\J\L^RZPXRTLf@b@zBxBtAvA`AjAf@r@f@v@f@~@Vh@Zn@f@`ALRvAnCrAjCjAzBpAdCn@lAh@fAHL`AjBFNz@bBJR~CdG~@dBjAzBj@lAJXTf@Pf@Ph@L^Rt@J^Nn@Jf@Jt@Fd@NhAJn@F\H`@J\J\L`@LZNZNXNVPVNROXNY^d@TT^\v@n@hBtAlA~@j@^f@Tb@T^Jj@Nl@Nj@L|AZ`BZ~A\p@Nz@R~Cl@~Dx@pKvB~Dx@nB`@hB\lB^pLbCzA\v@LxAZr@L`@F`@D^Dd@Bt@Bl@?Z?j@?L@tB?^?T@PAVATAVCjAMXCPCNE^IXI\Ix@Yf@QfA]~Ai@dBk@fA_@p@URGjAa@mBd@l@QrAc@LEj@Sj@QZOdAc@NPOQeAb@[Nk@Pk@RlBg@k@P_AZlBe@bEuA^MXK~Bw@bCu@d@Op@U^MZKXGXGNCTCXCZAXA^@N?XBp@BX@ZDv@JpB^LBt@NjAVRFZJRHRH\NLHf@X~@l@j@^bAp@x@j@d@Zx@p@PNRTf@f@Z^TZ`@l@j@z@^l@b@n@f@x@d@t@\h@\b@PPTPVNXLVHZFPDT@R@H?r@ARA^GLERERITKVOTQLQLQFKLSLWPa@J[DSH_@D_@@W?U?WCYC_@Kg@I_@Oe@s@{Bc@uAMa@m@_CUs@a@sA]iAMc@Mu@E_@Ac@AaABaATqFFwAFaBL{DD_AF}@Du@JgAV{B\cDJ}@Dg@Fi@Bi@d@oI?J
17,tbp{Cc{tjDVJc@dCwB|L}A`JOv@QdACPY|Ai@zCId@m@jDu@fE}@dFkQfcAy@zEuBvLi@xCi@zCgAdGa@|B_@vBeAdGMr@k@dD}CfQQh@Pi@]nB_@vB{CbQSfA?DIp@EVIr@UpAaApF_AlFgAfG{@|E}@hFu@hESjAa@~Bg@pC_AjFiAlGcA|FkAzGoAjHaApFeAbGmAdHkAvGc@fC_B~IoAfH{BnMw@jE}@hFsAvH{@zEcBrJSdAmA`HkDxRqApHuA|He@jCw@fE_@~BQxAUpBOzAMhBGfAGtAMbDa@`Ka@tKa@zJc@xKWzGIvBWnGk@fNe@zLu@pRi@xM[|HYrHc@tKcApWgFfrASvEE|@CfAOxCcAvVOe@iIdxBti@xoD
18,th_|Cgm|jDqV_Eu@wCm@cCq@sCOg@GYCSCSCWAY@a@@[B[RaDp@aKp@}JF}@HiAHoAHkALuBF_ARuCZyELeBPsCx@aMP_CHcC@QBo@?e@@o@HgA?A@YJ}A?I@i@@c@BSDWFa@@QHq@Du@Fu@Dg@B]Bm@Bi@@c@@[BW@WBa@FeABc@B_@@[?E@g@?_A@m@?W?[?s@@u@@}@?y@@s@?i@?g@@i@?u@?_@@UFiK@qC?cCDaF?sA@OBgE@kB?k@?Q@e@?MAaB?_@Ek@Ee@CUCg@a@uFKuAeBkBdBjBe@{GGw@[yEQeCa@cGOwBYyDi@sHW}DmAuPOuBM_CAYEoACgAAkACgE?y@As@EgAG}@KiASmBGk@Ei@GgAAy@?iAIqe@?xD?yDMas@AaDAsD?uCA}AB}BBk@Du@F_AH}@Hq@Jw@PmATwAzAuJXiBbAeHj@mDf@cDn@gE|@aGr@uEdAuGbAwGpAsItE}ZZsBHi@h@_DPoAPmAN{AHu@Ds@B]Dy@F_BL{CvBol@RwE@e@Bu@Bm@@S?C@s@?YAw@AUCi@Gy@?ECe@AWCi@Cg@Ci@?_@?OPD
19,n~e|Cuy`kDc@|BjJaHn@]XQf@UBA^Q`@Oh@SLIZOq@`@m@\s@d@WPYRm@b@aItHa@f@W`@S`@_@x@k@zAGPM^GVCNUr@e@hASn@Od@wAnEwAvEgBzFQp@IVGTIXCTETCPEl@A\A`@?RAl@@ZBvAD~AFzAHjC@jABvA@^BZ@ZBXD^DZD`@\jBJh@Z~ARhAZdBJt@Dd@H|@D|@@d@@j@?f@A`@Ab@Cp@IjAWtCs@jIG`BC`AC`@Ah@?d@At@?f@@lAELDMBtADxA@v@@P?HDt@Fd@BXBPDZBh@@f@@ZFpBFxBDt@Fb@D`@PtA?DHl@Jz@^`DxA~LbAjI^`DPlA?BXbCL|@Jh@Jl@VpAN~@TvAJp@Jz@Dh@D`@JdAFr@JbAHp@Hp@N~@Hn@Lj@Hb@Lj@fEtQV`AJ\DNFNN\FPj@`AbAvAdAxA~@pAz@jAd@j@\\b@\VRTL\NJFTHVHZHVDTDZBXBh@B\?nA?v@@d@@L@b@DXD\H`@JZJ`@Ph@ZZTVRd@b@\b@Zf@Vh@N^N^HXDVFTF`@Db@Fr@Dx@Dj@LdCDr@HrAFdA?H@NDbA?Z@RCn@?PCZE\Gh@Kh@Mj@K^GXWfAGd@Gh@K`AIn@GXEZCVYbDk@fGMlACNCZABIdAAZ?L?NAl@InAAP?DCn@C^C^Ip@I^Kd@Sp@Oj@o@xBUr@S|@K`@Ib@G\Ip@]tCi@nE[pCGd@Ed@E`@Cb@A`@?V?`@?`@@d@B^Fr@F\Hf@Pz@Ld@Xt@Rf@LZ\l@dB`DdBbDfCzEdBbD\l@jAtB|@dBZr@L\Nb@Lb@Nj@Lh@Hb@DZDZDj@D`@Bf@@f@?d@?h@Ab@Aj@Eb@El@Kt@Il@On@Ol@Od@Sh@Qb@Wh@Wf@]j@W^_@b@[^k@f@]ZaChB_FvDaJ`HcFxD_@X]VqCvBgAz@m@d@[Xk@l@]`@]f@_@l@]p@Uh@Sn@Qn@Ot@Kh@CXE`@ARCb@AZ?b@?f@@f@Bb@Bt@RdDXpE`@zGH~AFfADz@Bp@@lA@dA?~@C|@ClAOpEO~ES|FK~CEfAMPLQGdBAn@Ah@Ar@@n@?`@Dr@Br@R~CDj@LrBX~DVhEP`CF~@Dl@HlAHz@Jv@Jv@Jn@TfAT`AtAbFz@xCx@xCb@zARv@vEpPhClJp@~Bh@nBd@bB`@xALb@Lf@F^H^Db@D^Bb@B^@^?b@Av@Cd@Cd@Iz@Kn@IZ_@dBe@xBl@uBP{@Lm@Ha@Hg@J}@Bg@Be@?_@@e@Aa@Ac@Cc@Gi@Gc@E]Kg@WeAe@aBc@aBi@mBe@_BkAgEkAkEy@sC}AwFYKXJ|AvFx@rCjAjEjAfEd@~Ah@lBb@`Bd@`BVdAJf@D\Fb@Fh@Bb@@b@@`@Ad@?^Cd@Cf@K|@If@I`@Ml@Qz@m@tBERADSr@]hAg@nAa@hA?@Qh@_AjEh@U
20,da~~Cmo|jDDXPiA~@yFh@kDXaBn@_Ed@uCJu@?CToAFc@F_@B]HcAB]Fu@Dq@@Of@sGB]zAeTBeA?{@Ey@Iu@Im@Oo@Ka@Qg@Si@gEwJm@yA]o@_@q@U]Ya@SW_@a@WUOOOO][]a@a@_@EEWUgEqDoGsF_BuAgK_JaFiEmDyCu@q@gB}Am@i@oBaBq@o@kFqEoC_C}BoBs@k@c@]g@[aAi@eAg@cBy@gAi@eBi@yAa@kBYqAMmAGu@Ck@AcA@cABw@BgBLO@s@@]@c@@sBJqADmA@_BCw@Co@CcAIs@Gk@Iy@Mo@MkCg@aDk@c@KcCc@kBa@iBa@}@Ui@MUG{A[eGgAd@Te@UcAQq@K{@Is@IcAQcQcDyNoCsB_@sCi@aASgAU}@Y_A]w@_@}@e@uEiCgBiAWQs@e@mAu@kMiHaAe@_Bs@k@]k@Ye@YeBaAk@YWKc@Ua@Ug@WYKe@USMq@[u@[KIu@]]O_@Mc@UoDqB}LaHkC{Am@Wa@MoA]i@OYI[OKEwAu@g@_@}@g@cAg@_HkD{KyFcUiLo@[e@Sg@Ue@OWIWGSCa@I]K[I[MyAk@EASIIEq@WKEi@SOEs@[_A]KC]KQI[MiAa@_EcA{GeByFwA{@Ss@S{@SkFuAqA[i@M_Ey@kBe@yBk@uDaAo@UcA_@MEu@Y]My@[OCs@UYK]KOEA?q@Qy@UmD}@aAUkAYmA[c@Ia@IkASkBYoASk@I}@SaDq@MNLOcJkBsBa@y@Qq@QaCk@_ASq@SgCi@_AQkBYmOwBcJoA_@EaC]}@Qs@OaBUs@Ie@Ek@Co@C[?u@?[?_ELw@BeABi@B}@Bw@D{@HaALk@J_FdAyKfCmAb@QoCPnCo@XeAf@w@b@{@f@}Ax@cB~@cDjBwAx@[PiDlBgBbAq@\oAr@yAr@e@Rs@Z{@ZeA`@w@Vo@R{A`@iBd@iAVaBXcC^sAL_BN_ADcAF_ADgABsA@kA@yBCgBGq@EcBMqAKcBS}AUwCg@qCg@{AUyC_@mC[sBUuAMq@Gm@ImASiAUyAc@q@Us@UcAc@iAi@mAs@}AeA{GeFmDkCuA}@q@c@w@e@cAg@uAq@kB}@yFkC{DiByEyBq@[s@]w@c@g@Ys@a@u@g@cAq@q@e@o@g@i@e@cAy@eB}A{@u@i@e@{@u@i@c@kAcAe@c@k@i@_A_AeAeA_Ay@{AsA_FeEeAw@{AkAwCgCuDcDkBcBmBaB}FcFmDyCkGqFoCaCeDwCyDcDuE_EcJ_IwDcDwDeDkHiGqD_D}DiDaAw@iAw@}@i@iAk@{@_@gAc@aAYqA]gASqASwAQ}Ea@mAIiAI{@Ew@CiAI[Cw@E{@CUAoAKg@EuAMg@C_CSaAIc@Eg@E{@GmAI{Gi@qDY_E]aCQo@GyBQSCcBMe@Ck@C_@Ag@COAg@Cc@?q@?M?gA@}@?s@@i@@{@Dw@Fa@Bi@Hw@Jk@Lq@Nm@Nw@Vw@Xg@Re@R[Pk@Xc@Vs@d@i@b@y@p@i@f@o@p@k@n@[`@_@j@_@h@_@p@}BjEkAtBwCvFqBtDuBzDeB`DmA|BoAbCaBzC{ArCuAhCyApC}AvCgBbDqAbCkAxBmA|Bw@zAYh@Wb@y@~As@pAe@x@]j@e@t@c@l@_@b@UZu@t@sArAk@l@k@h@{@|@g@b@o@h@m@l@}K~KNSOR{JzJ_A~@aB`BcFdFuBvBi@j@i@n@Y`@a@j@m@hAYh@Uf@O^Ul@Sj@Qn@Qn@Ot@Ov@Mx@Gj@Gn@Gx@EbACr@?|ABbABr@F~@Hp@Fp@Hh@Jl@Jh@Nn@Pp@Tt@Ph@Vn@Tf@Xl@Tb@Zf@T^X`@d@n@^b@b@b@d@b@d@`@d@^`Ap@n@^f@Tx@^j@Tf@Np@Rz@Pt@Nl@Jd@Fh@Bj@Dn@Bx@@l@Ap@AbBEvCM?V?WtAGtAG`AAl@A`@@n@@j@Df@B|@Jh@Hx@Lp@Pn@P|@X~@^t@^d@VjAt@f@^x@r@t@t@`@b@tAnBlRjYpLfQ|D`G\h@`AxAbBdCbEhGvAxBzAxBZd@lAjBx@lAjAdBdA~Ah@x@jDfFSM
21,da~~Cmo|jDDXPiA~@yFh@kDXaBn@_Ed@uCJu@?Cf@wBLy@Fa@Lw@Fa@Ls@Hs@BWX_CFy@Z}DXqDl@{HLgBf@mGNkBJoAFy@D_@Fe@H_@Jg@Le@J]L]Pe@Te@R]RYT]\c@fAoA\[j@i@j@m@f@i@RSX[Zc@d@m@h@y@Ta@T_@Na@Pm@Pk@T_ANe@Ti@`@q@X_@pDiDzEqEl@g@h@_@v@a@`@Qh@Qt@Ux@M^EhBUfAKNCHAnAUhLqB`Dk@dDk@TE|WuEfAQ~@IbAIv@EnAGvDQrDQdAGjAEfFUnFWdEU~@ErAEd@Cb@?V?V@d@B`@D`@Db@Jt@Pp@TlAb@TFv@Tn@TXLr@ZVNZPXPPNXT^c@_@b@RPRR\`@t@`ArG`Jt@fAr@`Ap@~@bCfDzApBn@r@h@h@v@r@nTfQp@d@n@j@j@d@|CdCbAx@|AjAz@l@r@f@lAh@d@R\Lf@P^Lb@L|@T`ARj@Hr@Jt@Fx@F~@DT@f@?j@?z@CrBIdBI`CKnFShKg@dBI`GU~BK`EQvCM|H_@lBGlNo@dAC|@Az@Av@Bz@B|@F|@LbAN`ARv@PjA^b@Nf@TnAh@nAt@z@j@|@p@rAnAfA`A`CzB|AtAdAbAfA`A`A~@bA|@`BzA`A|@rCjC|@z@TRd@d@j@p@`@f@f@p@b@p@Xf@T`@r@zAt@`Bj@pAn@vAbBvDbA|Br@|AXp@Vd@Xh@f@v@T\p@|@l@t@b@d@VRr@n@XT\Vh@`@z@h@jAl@xCzAlFnCjFlClB`AfHrDjG~CxBhAlB`AXN~C`BxBfAzDpBjB~@fBz@d@Pz@Zp@Pf@Nt@Nh@Hl@J\DZBj@Fd@Bj@Bj@@l@?b@?l@A^Aj@C^Cl@Gt@KvB[~AWnAOrB[ZGrEq@zF{@GCFBzEs@jEq@`BUPCf@IhAQTEVEx@K|@OtGaA~KaBz@Ox@KpHiAhAOr@Kz@Gx@Ev@C`A?d@?v@Bv@Br@Fh@Ht@Hl@Jf@Lp@Nt@Rp@T`@N|@^l@Xn@\|@h@b@Xp@j@|@t@f@f@^`@j@p@X^j@x@h@z@Td@`@x@Zp@v@pBp@bBrBdF{@aB|yApb@`@PdIAjEExBEdMCvKAtHCnJCtPCte@Id@?`C?`@Ad@AJAf@CZ?|DA`BA`G?f@Q
22,n~e|Cuy`kDc@|BjJaHn@]XQf@UBA^Q`@Oh@SLIZOVQXSRMTOJGJGROTOr@c@f@c@t@i@XSZQf@UNGRITGVGdASnASfAOtAQrBMVAT?Z@Z@Z@p@BdAFt@D|BL`BJvBJp@B~@@p@@`A?`A?xBEf@Cn@CZCL?xACtEG`CCdCClCEfAAjAAx@@n@B^@p@Fb@D\Dr@Jv@LfANlBXbANb@F\F`@DXDT@\DX@\Bh@@f@@V@f@?N?\A\?j@E`@Cr@Gf@Gj@If@Id@Kn@O~Ae@lBk@tBo@fBi@pBm@~@[~EyAbEoAzBq@ZIt@S`@K\ITEd@I`@Gf@Gf@G`@CbAGj@A^?j@?l@@h@@l@Bd@Dj@Ff@F~APv@FZBVBX@T@b@@`@?V@b@Al@A\Ah@C~@Ij@G`BWj@I`@Gl@KdBWNCp@I~@I~B_@jCc@nEq@lLkBp@MtBe@n@OtAa@dA[~@]lAe@nCkAzEoBl@Wt@[v@YhBm@hBi@pA[ZIzBc@dGaAzF}@~@QzCg@rB]rAW~@UhAY|Bm@fD}@bAYx@UbAWhA[~Aa@tAa@nA_@\Kl@UhBs@hBs@pSiIDBEChEeBhFuBd@QdFsBLErCkAbA_@l@WfBs@pBy@pBy@pBw@vB{@nCgAnBw@nAi@|D}AYRXStCkA|Am@~Aq@rAg@bAa@pAi@jBu@VK`CaA~Ao@`Bq@^Qf@Wn@]v@e@p@e@f@a@j@e@\[f@g@`AeAjCuCdBmBnAwAhBoB`CmCbBiBn@q@j@g@~@w@\Yt@g@d@Yt@c@p@_@n@[r@Yr@Y`A[r@SbHqBvDgA`EkArA_@d@Mn@Mj@K^GVETEl@Gj@Gh@El@Ej@CpACb@?|@@b@@tABh@@fDFnBD`BB|BDzCFhCFrCDbABv@BX@rBDpCDnABpABx@?f@A`AAbAG`AIdFi@LA`AMfAMfBKbAKvBW~Dc@tJgApBUhBS~AQtAO~@Gv@G|@ExAKt@EFv@
23,`u{~Cs_djDL{@I}AGcC?c@JuAT{E@kA?KAq@?_@A[AYGaAA_@AU?_@?O?_@?a@@Q?[?]?K?[@]?W?KAWEy@KmBEiAG}@EoACwACiC?e@AaB@y@@iCAaHAu@By@Bu@De@Dk@Hk@Jw@Hc@Ni@VaAHSHU^w@Zg@T]NQNQRSpAoAdFwELM`@c@VWj@e@JG^[f@c@LIzAmAj@_@z@k@l@i@^_@l@m@t@w@tDaE?\?]pC{CX[X]`@k@JS\i@NWNYh@iAvFmLdFqKb@}@Zw@Zu@Ty@V{@VeAb@sBLg@Ls@Hi@J{@HkA@g@@eAAu@Au@E{@I_AKkAQkAQ}@]gBIYU{@U}@ESI[q@eCQo@Qm@[}@IW[}@Qg@K_@Qk@Ka@GYi@}Bi@gCWeAWgAQs@Oo@UmAg@kB[mAOk@Sy@Ka@G[G[E[E_@E]Ec@Co@Ac@A]?q@?Y@a@Bm@Da@Da@Fi@PgAbAoFrAuHLw@Lq@JaAFm@Bg@@a@@u@Au@Ak@E}@Gq@Io@Ig@Mu@Ou@]_BgDeOsBcJcCyKe@uBUeAOu@O{@OeAKaAKaAIaAIuAEcAAmAAoABiABkADmAFkAHcAJeAP{AZgCViBRyAJs@Py@Nu@Ps@Pq@Pq@Ts@j@aBn@}Ab@aAb@w@b@u@`@o@j@w@b@i@`@e@`@i@j@w@JKf@m@j@s@^m@f@}@Te@Rc@Ri@`@oAXgAZmALg@Po@Nq@PcALq@Jw@Fe@Hu@H}@FeABa@Do@T_CBi@@Q`Bm\DyA@kAC{@Ey@Gg@Gk@Ki@Ow@Sw@Wu@a@gAqBuE]s@Qe@Si@Us@Uw@Mk@Qq@O}@Ko@MaAEs@C_@Cc@As@?U@qABoC@[Bw@Ds@De@B[Jo@Fa@ZsATy@\cAfAgDp@qB^kAXu@Pk@N_@Te@Te@PW`@g@T[f@i@h@g@jAeAr@s@n@o@b@i@j@q@rAiBj@u@\g@`@u@\s@Tk@Nc@HYPo@Lm@Ls@Fc@Di@Dg@Bm@Bi@?q@AeAAy@?a@BiB@mARYSX@s@Be@@e@FoAJ}BDw@@[JuBJyCL_F@k@F_C?i@?m@A_@Cq@Is@Is@Kq@Oq@Sq@Qg@Q]Qc@OYOWSYSWUWQSuDkDu@u@i@g@u@w@YWc@[QKYQWO}@m@UQs@m@USOQQWMUQ[KUKWIUI]Ie@G_@Ca@AW?[?[@[B_@BUD{@@UDo@BWJ_AFo@b@oELyAFi@Ho@J}@b@qCEY
24,n~e|Cuy`kDc@|BjJaHn@]XQf@UBA^Q`@Oh@SLIZOVQXSRMTOJGJGROTOr@c@f@c@t@i@XSZQf@UNGRITGVGdASnASfAOtAQrBMVAT?Z@Z@Z@p@BdAFt@D|BL`BJvBJp@B~@@p@@`A?`A?xBEf@Cn@CZCL?xACtEG`CCdCClCEfAAjAAx@@n@B^@p@Fb@D\Dr@Jv@LfANlBXbANb@F\F`@DXDT@\DX@\Bh@@f@@V@f@?N?\A\?j@E`@Cr@Gf@Gj@If@Id@Kn@O~Ae@lBk@tBo@fBi@pBm@~@[~EyAbEoAzBq@ZIt@S`@K\ITEd@I`@Gf@Gf@G`@CbAGj@A^?j@?l@@h@@l@Bd@Dj@Ff@F~APv@FZBVBX@T@b@@`@?V@b@Al@A\Ah@C~@Ij@G`BWj@I`@Gl@KdBWNCp@I~@I~B_@jCc@nEq@lLkBp@MtBe@n@OtAa@dA[~@]lAe@nCkAzEoBl@Wt@[v@YhBm@hBi@pA[ZIzBc@dGaAzF}@~@QzCg@rB]rAW~@UhAY|Bm@fD}@bAYx@UbAWhA[~Aa@tAa@nA_@\Kl@UhBs@hBs@pSiIDBEChEeBhFuBd@QdFsBLErCkAbA_@l@WfBs@pBy@pBy@pBw@vB{@nCgAnBw@nAi@|D}AYRXStCkA|Am@~Aq@rAg@bAa@pAi@jBu@VK`CaA~Ao@`Bq@^Qf@Wn@]v@e@p@e@f@a@j@e@\[f@g@`AeAjCuCdBmBnAwAhBoB`CmCbBiBn@q@j@g@~@w@\Yt@g@d@Yt@c@p@_@n@[r@Yr@Y`A[r@SbHqBvDgA`EkArA_@d@Mn@Mj@K^GVETEl@Gj@Gh@El@Ej@CpACb@?|@@b@@tABh@@fDFnBD`BB|BDzCFhCFrCDbABv@BX@rBDpCDnABpABx@?f@A`AAbAG`AIdFi@LA`AMfAMfBKbAKvBW~Dc@tJgApBUhBS~AQtAO~@Gv@G|@ExAKt@EFv@Gw@j@Eb@A`@A^Al@An@@j@AP?d@?H?d@@fBFbBHzBJhDPxBJxAHdBHpAFzAH`@@T@p@Bf@@Z?j@?z@CzAG|BKvBI|DOvGWLAlGW|@EdAErAGvBKhBIzAG|BMbCKxBKxBIzBKtCMzAIhCKlDOzAGnBKlAEx@Ep@Cv@EZCr@E~@Ip@Il@It@KjDk@lF}@dEs@nIwAfIsA`HkAbHiAvDq@nHmA`BYbCa@zCg@n\uFjAQ~Do@bF}@pB]rB[rEw@hAQ~AYxAUnAUpB]|Ew@nB]jIuAlDm@|AWjAO~@Kx@Ir@GfAI~@E`ACz@CfAA|@?fB?dX?pK@R?xB?lF@|M?pA?hB?~@?dB@lB?jA?x@@z@BZ@r@Bj@Dd@Bj@DlAJ`ALj@FdD`@|BXhANlBThALjC\xAPbCXhBTnBVjCZzBXzAPl@Ft@DZ@f@?l@?\Aj@Ef@Gh@I^G\Gp@Q`@Md@O\Ov@]^UZQ`@[d@c@\[d@m@\e@|@uAh@w@fBqCzAaCFd@Ge@n@_AxA}BpAqBf@u@r@gAv@kAf@u@VYV[`@_@`@]f@]VQx@a@h@WjAg@XK`A_@`A_@hAe@jAc@fBs@nBw@b@OlDwAdBo@bBq@fAc@hCcApBy@d@Ml@Qb@O~@WdA[fAUpAYjCc@~Fu@nH_AtC]lC]vBW|ASv@Kp@InEk@hFo@n@KxAQ|Q}BrDe@bBStC_@xBWzEm@pBW`BSnKiArBUbDa@|De@hBUvBSjCShBM`@CjAGxEKvCCdA?xAAxKCj@?I\H]`IC|C?fDCrCApAEfBGl@CdAKhBOrAQjAOjASjB_@jBc@vBo@jBm@l@Sv@[|@a@~@a@zAw@xM{GhEwBnE{Bz@a@xAm@lAe@tAe@|@YlA]nCq@|Dq@~@MTCr@IjAOn@AzAIjAEvAEv@Cv@?j@Az@@f@?v@BhAB~@F|AJbDTVBpBPd@BbBLRBxBPn@F`CP~D\pDXzGh@lAHz@Ff@Db@D`AH~BRf@BtALf@DnAJT@z@Bv@DZBhAHv@Bz@DhAHlAH|E`@vAPpARfARpA\`AXfAb@z@^hAj@|@h@hAv@`Av@|DhDpD~CjHhGvDdDvDbDbJ~HtE~DxDbDdDvCnC`CjGpFlDxC|FbFlB`BjBbBtDbDvCfCzAjAdAv@~EdEzArA~@x@dAdA~@~@j@h@d@b@jAbAh@b@z@t@h@d@z@t@dB|AbAx@h@d@n@f@p@d@bAp@t@f@r@`@f@Xv@b@r@\p@ZxExBzDhBxFjCjB|@tAp@bAf@v@d@p@b@tA|@lDjCzGdF|AdAlAr@hAh@bAb@r@Tp@TxAb@hATlARl@Hp@FtALrBTlCZxC^zATpCf@vCf@|ATbBRpAJbBLp@DfBFxBBjAArAAfAC~@EbAG~@E~AOrAMbC_@`BYhAWhBe@zAa@n@Sv@WdAa@z@[r@[d@SxAs@nAs@p@]fBcAhDmBZQvAy@bDkBbB_A|Ay@z@g@v@c@dAg@n@YQoC
25,hv{~Cs_djDMy@j@vIBv@H`ABh@?P@b@AVAf@Gp@MxAMfA]~BCXIt@Cd@Al@?t@@`@?v@AbA?x@@R?R@f@@z@YfLYpMCnB?|BDhBDnAPdDVbD?z@?dAJdAN`CVrEJ`B\lGQNPOXbFR`BBTH`@Jb@L^T`@NVTZXVTPXPVL\LXHXDd@Df@BhB@R?~B@J?p@@t@?x@Bb@@PBRBVD^H`@Lb@PVLRJd@ZPNXXZ^Xb@PZT`@JXL^Jb@Jd@Jn@HdA@`@?^C^Cl@Gr@U|BC`@Ba@T}BFs@Bm@B_@?_@Aa@IeAKo@Ke@Kc@M_@KYUa@Q[Yc@[_@YYQOe@[SKWMc@Qa@M_@IWESCQCc@Ay@Cu@?q@Af@BXBh@Br@BL?h@Bd@FTFXFZL^NRJXP^XTRVVPRTVR\NZTd@Ph@Nh@Hd@Fd@Dj@@Z@\?`@AZAb@Gl@QhBg@lFYvCGh@Eb@Kl@E\CZEf@Eh@c@bGSdBoA`N_@~DKjAJ?K?[jDSpBGh@Kr@Kj@Op@K`@k@jBk@hBMh@Mb@Kh@Il@If@Eh@Gx@C`@Af@Ab@?x@B`B@`CDlJ?_@@O@a@@M?a@D`K@b@?NDp@@P?^BbF?tABdA@t@B|@?d@D`D@f@@~A@t@QIPH?r@?b@Al@Af@?d@APEr@A`@Ab@?D@p@?h@@ZBl@Dl@Fp@Fh@Jp@P~@^|BJj@Fd@D\D`@Bj@?R@P@r@AV?\A\Cb@C`@EZE^Kj@Kj@I\Oh@Sp@Sd@S`@OZYd@OT[b@[\KLSNSTsJ|IeExDiAdAm@h@UTu@r@s@n@_Az@{@x@uDhDcDxCwCpC}DnDu@r@aA`Ae@f@k@n@sAbBo@`AmAfBkFtHwCjE}@rAW^Yh@e@dAWp@Uv@Y|@q@zBcAlD{@vCUv@U|@Ib@Id@OhAGh@Ej@Ch@Cv@?jA?p@Bn@B^F`AJnAHrADhA@^?\AvAEnAIjAM|@Mx@Ib@Qv@Oh@Wv@y@xBgAtCcCxGWn@u@rBw@rBoAhDs@jBwAzDsAnDoAfD_@fAUl@Up@W~@a@~Aq@vCq@nCI\On@On@Gb@Q|@c@bDu@hGSjAMn@I^K\Md@Md@Up@a@hAc@nAa@lAWt@k@|Aa@jAi@~AOf@Md@Kj@Ot@Kl@Ip@Eh@Gp@Cf@An@AR?l@@f@?^Bh@Bb@Dl@JdAT|A@LT|BRxAR|A^fCNhAZ|BZ|BXlBjAtI?t@?u@`@rCn@tEr@jFT|ALhABh@Dx@@h@?x@?`AEv@G`AGv@Kp@Ox@Mp@Qr@Of@Sj@M\Yn@Sd@Yj@[l@[r@Q`@OZELk@nA_@v@]t@e@fAk@fAq@rAsAhCqAfC@OANaAjBcAjBcA`Bs@pAgAtBu@zAq@rAu@xAWd@KLSZGJe@t@GJs@vAcBbD[j@eApB{AxCeA|BWl@]v@]|@s@pBm@hBSt@Of@KZy@hDQ`AQr@c@zB[|A[|A]dBg@fCq@fDe@~Bc@zBi@hCgAnFKj@c@vB_@jB]dBLc@Mb@w@lEKl@YpB_@fCWlBYrB[tBmAzI_AlGMdAk@zDc@~CWlBKz@Iv@Gn@I|@IpAMfBQrCK~ASbDQvCSbDWbEMtBIbAIv@Il@Ox@Ov@Qt@Sr@Y~@a@`AWl@]p@q@jAa@n@u@~@i@j@e@d@a@`@o@f@k@`@EDQFg@Z_@RYN]N]N[L]La@LYHa@J_@JyAX[r@Zs@uE~@uAXWFc@LUFc@LwAX}Bb@sAXoAVeATcARo@N_Bd@aBf@oAb@sAb@k@RIDWJGBeBz@wAr@m@^aAl@aAn@kAv@iBnA}AbAcAp@kAv@sBtA{BzAqAz@eBhAiAv@kAv@oAx@gAt@q@b@cBhAaBhAaBdAsA~@w@f@eAr@qAx@{@d@k@XaAd@y@Za@Pi@Pq@Ty@To@Pq@Nq@Nm@Jm@JuATwAV_ARm@Pe@Nq@Vg@Ry@`@c@Vg@Z]V_@VYTYVa@`@]\k@r@[^UZW^]l@a@t@Sb@[r@Qf@Wv@Yx@g@fBe@zADi@Eh@[bAo@vBw@hCc@xAi@dBm@pBg@hBSr@Qv@S|@Ot@QbAMn@Gb@Ih@OdAM`ASbBWfCYtCOtAIt@QhB]zCw@vHcAzJyAjNy@hIYfCMlA[~BOdAOdAQdAY`B]pB[zAi@xCUlAMj@Mn@KZEROh@]bASj@m@xAaA|BqA|C_BvD{@rBc@fAg@jAk@rAy@nBc@fAe@pAwAlEgAjDg@|A]hAk@dBq@vBeAbDc@vAM^Ut@Wx@St@UhAMr@Mt@Ip@Il@MbAWbCCVIr@UxBs@zG[j@Zk@wAfM_@dDMr@KbAU~By@nHqAnLOrAMpAk@fFGj@W~BSdBc@bEQ|ASvAW~AYrAYjA]nAg@vAi@tAkApCaAzBk@rAcAxBa@z@_AlBu@zAeAtBw@bBoAlCwA~CoAnCi@jA}@vBWp@eAvCa@pA[`AK^]nA]vAMf@UbAWxAUjAk@lDq@~DQbAaAdGUxAIh@M~@KlAEnAAd@?XC`BIvBSbCAPKdCCZCf@El@CXETCVWzAIf@Ef@C`@Cn@?p@?h@?n@@h@Dn@Dl@Dl@Hn@Fd@Jl@`@zBq@Mp@Lv@hEJ`@BLJ\BLJb@DRxA~HHd@d@dCFXRbAXzAJt@Fh@Ff@Dh@D\@\Dd@@\@Z@n@Aj@Az@Er@Cf@Ef@IdAGr@C\Gx@EbACfB?xAD~@FtBH`BXbGPxDPtDJfCLpBPvCVtCb@bFVpCf@fFZtBJf@Rn@FXRh@^`A`@z@Tf@Zh@d@t@^h@^f@\`@\`@r@p@^Zj@b@l@`@`@Vb@Tj@Zh@Rl@TzAh@~FjBzFhB|FlBfNjExFhBzHbC~Bt@`@NhFbBdF~AvAd@tExA|\tKjGpBd[|JfH|BzGtBnBn@f@Rx@^p@^j@`@p@j@b@b@`@b@jA|Ar@`A^h@f@p@|AvBpCvD|EvGnCtDdB`CtAhBx@hAdChD~B~CfClDtBrCv@dApBnCl@v@~AxBh@r@r@bAb@j@p@~@lA~AHLHLNRT\jBdDf@t@X^~@nAbB|BhClDz@fAr@p@`@\l@d@n@`@fAn@bAn@\VLLZTTL|@h@|A~@hAp@zE|CvA~@dIhFpK`HtBrA|HbF`EjCbC~A|CpBpCfBbEjCpLvHjJdGjFhDrA|@rAv@zAbAhG~D`BfA[Y
26,vo|~C{{yiDPH?r@?b@Al@Af@?d@APAd@AP?Z?R@Z@V@XD^BZD^Hr@V~ABXD\BRBd@BTD`@r@dFZdCD\DPBNDNJ^BH~A`FhE`NjAnDPh@Lj@FZHd@Fn@Bf@@l@?j@Cn@Gj@Kn@Op@Wv@Uf@aAnBaAjBGNWd@gAhB_@p@[h@U\W^y@|AwBrDcDpGYl@cD|GoDbHYh@[n@Yr@Wp@Ol@Mp@I`@Gd@Iz@KbCEz@Ab@?j@AzBCfD^L_@MA~A?t@@j@@fA?p@AlB?bAC|CAn@?d@@b@@h@Dt@Ft@Hl@Jh@Hf@Pt@Rn@Nf@Tl@Td@Rb@Vd@T^V\VZVXTV^^XVZTXRXR\RVNd@Tv@^rCjAp@VZJHDbCx@nAb@tAf@nAd@l@Rt@XfA`@xJtD|D|AjC`AB@h@T`AZZLl@Vj@Vt@`@v@f@l@d@f@`@b@b@VZZ\z@fAt@bAV`@NVP\Td@JVPj@Rp@Lf@Vz@Vx@r@rCNj@Pb@f@nALZJTDJFPHXVfApBbIA@@AzAfGLb@JTTn@Vj@HZXlAX`AnAjD\~@pBrFBDz@vCbCzG@B^bAl@bB`@dA~AjEb@jADLz@vCDL|@dCv@tBbAlCbBxE`BpErAvDn@bB`AbC^bA~@fC~EzMZz@EKDJ[{@_F{M_AgC_@cAaAcCo@cBsAwDaBqEcByEcAmCw@uB}@eCTp@Rv@Pl@p@hBbAnCbBtE`BpEtAxDl@bBh@`BZbAb@lAj@`BdEbL`@|@Xp@p@zA^bAl@bBb@lAXz@Tv@Rz@P`ADZFh@H|@Fr@DzA@hAAv@?r@GlAUvEMzCGdAAb@Ax@?d@?r@Bx@B`@Bf@Dd@Hp@Fd@Jn@Jd@HZNj@Rn@Vr@Rf@Th@Xh@Zh@\f@Zb@^b@TVDG|t@|UUTZd@Zd@Vf@Zp@Tj@Tr@Rp@Pv@\lBRdAp@pDv@nE`@|BXxAJx@Hh@Fr@B~@@l@Az@E|@K~@Il@S`AQn@Qh@Uh@Yl@[f@[d@Y\[^WVaA|@c@Z{@h@SL[VA@]XKDKHKDOFOFc@Lc@Na@RaAd@oCnAFp@Gq@eBx@e@Vk@\g@\g@`@SNIDMHg@XqAl@k@\a@Tu@^sGxCqCpAk@\e@XUNQNYRQPYTUT[\_@b@Y^UZe@v@]l@Yn@Wl@Qf@Yz@UbAQt@Mx@KbAGn@Ch@Ch@Af@?f@?h@@f@@d@F`ADp@Jv@Hj@H`@Hd@XhAHRJ^Pd@Tj@^v@\n@R\X`@j@v@Z^`@^~@|@h@^f@\tA|@nGbEjJfGgCaBfC`BxBtAxBvAj@^pAx@hBjAzBxA`DrBlBnApBnA|E~CpChBpCfBdDvB~B|A|CnBfBjAtBrAzBxAdMfIpBnAjBlAjBlA~CpB@Bn@ZZPj@Xx@`@d@TXNRJ`@TjAv@j@^JXKYdC~A`@X`@Xl@d@pB`BbAx@r@b@o@]g@UrAz@tCjBhEpCzBxA|A`AhAt@fAr@|A`Av@h@p@f@l@f@j@f@p@p@\`@b@d@b@l@d@r@b@r@|@hBXl@^bAfAtDnAvE|CdL|CfLdBtGbDvLcAsDbArDXbAfDfMjAjE~ClLpBpHPl@Nn@Lj@Nx@Lx@NvAPtBDzA@fA?tAA|@ItAKtAK|@QpAe@~B_@rA[`Ai@vAm@nAo@lA}@tAeBvBqT|WA@y@nAC@gEfFcAnAsAjB
27,hv{~Cs_djDMy@j@vIBv@H`ABh@?P@b@AVAf@Gp@MxAMfA]~BCXIt@Cd@Al@?t@@`@?v@AbA?x@@R?R@f@@z@YfLYpMCnB?|BDhBDnAPdDVbD?z@?dAJdAN`CVrEJ`B\lGQNPOXbFR`BBTH`@Jb@L^T`@NVTZXVTPXPVL\LXHXDd@Df@BhB@R?~B@J?p@@t@?x@Bb@@PBRBVD^H`@Lb@PVLRJd@ZPNXXZ^Xb@PZT`@JXL^Jb@Jd@Jn@HdA@`@?^C^Cl@Gr@U|BC`@Ba@T}BFs@Bm@B_@?_@Aa@IeAKo@Ke@Kc@M_@KYUa@Q[Yc@[_@YYQOe@[SKWMc@Qa@M_@IWESCQCc@Ay@Cu@?q@Af@BXBh@Br@BL?h@Bd@FTFXFZL^NRJXP^XTRVVPRTVR\NZTd@Ph@Nh@Hd@Fd@Dj@@Z@\?`@AZAb@Gl@QhBg@lFYvCGh@Eb@Kl@E\CZEf@Eh@c@bGSdBoA`N_@~DKjAJ?K?[jDSpBGh@Kr@Kj@Op@K`@k@jBk@hBMh@Mb@Kh@Il@If@Eh@Gx@C`@Af@Ab@?x@B`B@`CDlJ?_@@O@a@@M?a@D`K@b@?NDp@@P?^BbF?tABdA@t@B|@?d@D`D@f@@~A@t@QIPH?r@?b@Al@Af@?d@APAd@AP?Z?R@Z@V@XD^BZD^Hr@V~ABXD\BRBd@BTD`@r@dFZdCD\DPBNDNJ^BH~A`FhE`NjAnDPh@Lj@FZHd@Fn@Bf@@l@?j@Cn@Gj@Kn@Op@Wv@Uf@aAnBaAjBGNWd@gAhB_@p@aAnBw@xAsFtKn@{Ao@zA_@t@_DfG~@}Br@eBcD|GoDbHYh@[n@Yr@Wp@Ol@Mp@I`@Gd@Iz@KbCEz@Ab@?j@AzBCfD^L_@MA~A?t@@j@@fA?p@AlB?bAC|CAn@?d@@b@@h@Dt@Ft@Hl@Jh@Hf@Pt@Rn@Nf@Tl@Td@Rb@Vd@T^V\VZVXTV^^XVZTXRXR\RVNd@Tv@^rCjAp@VZJHDbCx@nAb@tAf@nAd@l@Rt@XfA`@xJtD|D|AjC`AB@h@T`AZZLl@Vj@Vt@`@v@f@l@d@f@`@b@b@VZZ\z@fAt@bAV`@NVP\Td@JVPj@Rp@Lf@Vz@Vx@r@rCNj@Pb@f@nALZJTDJFPHXVfApBbIA@@AzAfGLb@JTTn@Vj@N^N\h@jATj@@Bt@pB@BjBdF~@jC|@bCRj@^~@`@x@Tb@j@~@^f@n@v@b@f@`@`@TTb@\p@h@\Tj@\j@Z~@b@h@TVHPFHBD@PFb@JlBf@tA^v@Rn@Tn@T`@Rl@Zf@Vh@\j@`@h@`@XVf@d@X\\`@XXTZV^b@r@f@~@Vh@Xn@rA`DFRGSp@|A|@pBb@bAp@|Ab@bAXp@Xl@\p@R^PVT\TXRV\^d@d@xBxBpDlDfAfAhAfAt@t@v@r@jBjBbA`AXVdCdCj@h@f@d@XVVPb@\d@XPJf@X`@PTJnC`AZJdA\zB~@XJz@XpFfB{@Sz@RzC`AnAb@f@Tf@Vr@^x@h@rAbAhAv@n@f@JFbAt@p@d@n@d@z@j@j@b@v@j@v@h@|@n@dAt@pBxAnA~@vAbAdBnAvDjC`BlAfAx@`@^d@\z@p@VThAfAhBbB`OdNLIMHxIfIZZvDlD`\pZxAtATRp@n@bGtFrBlBzAtAfBbBbB~AxBrB|CtCtBlBpH`H|DrD|AzA|@v@z@dALJx@v@bAx@h@b@|@r@d@^x@l@p@b@f@Vx@^j@P`@J\Jj@Jd@Fj@F~AJILHM_BKk@Ge@Gk@K]Ka@Kk@Qy@_@g@Wq@c@y@m@e@_@}@s@i@c@lAv@RPj@^`@V\Rb@Th@Rx@Zn@Rd@LXF\HPDb@Hn@Fb@DlJj@tBLr@H|@J~@Jh@JbAJN@n@Dv@Jt@LVFr@Pn@T`@Pb@T\Rr@d@ZTn@l@p@t@`@j@b@n@Tb@Zr@^|@p@zBp@xBf@bBd@~A|@xCj@lB^hALd@h@fBZ`A\~@Rj@Vh@Xj@Xh@Xh@Xb@R\X^^d@Z`@^b@h@h@`@`@l@f@\Xf@^h@^p@d@\TlAx@x@l@x@j@j@f@d@`@`@b@`@d@j@n@Z`@`@j@\h@f@z@\l@Zr@\t@Rh@\~@H\t@hCl@rBWWVVPl@lAhE^rARx@Nv@N|@Hj@PzA\tCj@zEt@`I|@|Hn@`Gt@hGN|APfCBPFx@DhABVBZRdBHj@Jh@p@lFtAtLFh@Db@@d@HjBBd@Bd@Hn@w@l@v@m@d@fERvAv@jEN~@Nx@Ff@Hn@P~@Jn@Hf@Hh@Jh@Jl@Pt@ZjAv@zCd@dBHZXfAr@rBJ`@bAxDrBxHn@~BrBxHPp@n@~B^rAv@zC`ApDJ`@ZfAn@bCTv@N^^dAl@dBj@zAf@vAtAfFhCxJfBvGj@pBZhAPf@Rj@Zt@Xl@Vh@d@v@Vd@V^d@l@l@v@j@l@h@f@l@h@`@Z\VZT^Td@Xf@XXLb@Tt@Xl@Tz@Tl@Pp@Nl@Jx@Lh@Fv@Fj@Dr@B`@@l@?j@?r@CpCKbDMlDMnCKzI[tBKzAEdBGbAEtBI`AEfAGxAKr@EhAIhAKvAMfAK`@En@EPjA
28,paduDw`j|D[CfGtAl@Jn@LpB`@vCj@NB^DVDZB~APv@JXDd@Jb@Lb@NvAf@hA`@XJTHZLnAd@r@Vd@Tb@Z`@XTPPRRVPZXp@`@hANl@Lv@Fp@X~CXzCL~AFd@F`@H\HXJXFNNZ^n@LTRTTVRRzAvA`BzATPPLVNZRXL\L~Bt@xBr@SCRBlA\x@TXFPDPDN@PBP@T@R?Z@\Av@Cp@Cr@Cl@CZAXE^C`@?XAV@T@XB`@D~@JnBXhAP\D^JPDLDPHLHPLb@Z`@`@x@x@zAxAfAdAhAhA~A`BpAxAlAxArAzAd@h@dBjBfBlB@JAKtA|ArAvAn@r@fAfAvAvApAtAj@h@nCpChElEbEdElBpBfAdAjDnDt@t@Z^bAhAd@j@Z\NNNNPPVRXRjAx@nChBVNWOvA~@tAz@pAv@r@b@x@d@|@f@RLp@`@ZV^X`@`@XXf@p@n@t@l@x@`D`EbC~Cp@z@hEpFxD~EzBtCd@j@h@j@~DdE~AbBj@h@`@d@^^l@h@n@h@z@n@f@\v@d@z@b@tAr@x@`@D[EZ^P`@R`@PVJ\NrAb@rBh@pCj@~@Vf@Lx@VtAf@z@Tf@Lj@R~@\d@N~Al@jA`@fA`@lAb@rCdAlBr@`DjAv@XRFSG|Aj@lAb@hBp@pAd@`Bl@TFRFPBRDL@vBPl@HTFPDfElAzAd@^P^RVRl@f@\`@^f@l@hAf@tAxA~ERl@Vn@T^x@|@XTRNRLz@d@ZJTD^Fb@Dd@?d@AzCIt@Cv@Ad@CXCb@Ef@Gf@IfDy@f@OhCo@vBi@d@Mn@Ml@MbCc@l@M~@Qn@O\GZKJEVITIVKXITKPGVI\OJCb@KeF`AwBkFvBjFdFaAc@JKB]NWHQFUJYHWJUHWHKD[J]Fo@N_APm@LcCb@m@Lo@Le@LwBh@iCn@DMELhCo@vBi@d@Mn@Ml@MbCc@l@M~@Qn@O\GdAUd@K^ENC\CLCXE^I^Gf@G^CXCt@A`@Ad@@d@B\BVBb@DZDv@Pn@NtD`AbB`@pA\vBh@x@RtBh@~A`@d@N\Jp@T`@PVNb@RVNXPn@b@r@h@rDpCp@d@jBvApCtBbAt@jDbC`Ar@j@`@rA`Ah@^xAfAhBrAhDbCvEhDxAbAbAt@x@l@vCvBrA`Av@h@r@h@dAt@~@p@vB|AxB~AtBzAPLj@h@d@^j@`@b@ZnA`AvAbAzAbAdDdCj@d@h@d@|@p@tA`Ax@n@\Xh@f@p@p@h@j@`@ZhBtAMg@Lf@JHjCjBPJFDLFXLXLVJVJTJNFPHJFPLPJTN`@\TNVPJH^Td@Vj@\h@^v@j@XTb@b@|@|@t@x@tBxBjCnCfBlB~@bAjCpCt@v@zB`Cf@h@lCpCvA|AtAvA~@bAXXNR|@|@n@p@z@|@pBtBpDvDnExEh@j@r@t@^`@h@j@t@t@x@z@\X\Z^X^Vb@VfAp@pC`Bt@b@fAp@|@f@rAx@z@f@`Aj@XLYMhAp@vAx@bAl@f@XlAt@zBxA~A`AJF|@n@~@n@jAx@ZTTTRR`@d@Zd@RZ\d@Z`@^b@PTPVTb@NXLZL`@L`@FXR`AVpAlAbG\hBXxAh@jC~AhIz@nER`AF`@Fb@BXBVBZ@f@?^Al@C`@Gh@Ij@G\Mh@M\Ob@MZYn@c@x@_@l@Yb@Y\WZWZ[X[VSTy@j@[P{@d@wBfAu@\uAr@i@XYNiAt@k@b@m@j@[XcAjAw@lAo@jA_@x@Sh@Up@[bAQx@Uz@gAfFm@lC_ApE\_A]~@o@tCU~@Qz@Oz@OjAGd@Ef@C\Ab@A\?f@@\B^B^Dd@Jl@Jh@Rj@L`@Xh@T`@Z`@RVXXZZ`@Vf@Vr@Z`@Ld@Hb@HxAJvDNbEPdER~DN|@DV@h@D\DTDd@JzAn@VNTPZXZZNNTXT^Vb@P`@L\L^Nn@Jn@Fj@BZBf@Bt@RrFJjDHjCFMGLRjGVjIBdBB`D@`E@xB?|@Ad@?XC\Ed@Gj@Ib@I^M`@Ob@IRUb@QZOT]b@]`@YXyDvDsApAu@r@a@\YRi@Xg@Ta@L[HYFc@F]Be@@_@@a@C[A{DUaEUaBK}AK{COkAE[?a@?s@@a@JoGnBSN[TYVWVWZSTQTOVOTOXMRQ`@Qd@Sj@O^Y|@y@`Cg@xAeA~CRUSTeDpJc@vA_@hAM^WfAOr@Ox@Kn@G`@Kv@WrBg@fEeAjIIx@Cf@Ab@A`@?b@B^Bd@BVDZDZFXJb@J\L^Pb@^n@dAzARXTZXd@P\P^Lb@J\J`@F\Fd@Ff@Bd@?r@?j@Ap@Cp@At@?d@?d@@`@B\D`@Hp@LfAbAzG\`C`@vCHl@Df@@^@d@?d@Ab@C`@C^E^Ib@GXIZMb@O`@IPS`@W`@SZUVSTWRYVYPOH[N[Nc@LUFc@HYBWDQ?_@B_@?Q@y@@{@@M?s@@c@@iCDyDDRD
29,dnfuDqah|DRByBs@_Cu@]MYM[SWOQMUQaB{A{AwASSUWSUMU_@o@O[GOKYIYI]Ga@Ge@M_BY{CY_DGq@Mw@Om@a@iAYq@Q[SWQSUQa@Yc@[e@Us@WoAe@[MUIYKiAa@wAg@c@Oc@Me@KYEw@K_BQ[CWE_@EOCwCk@qBa@o@Mm@KgGuAZB[CsEeA{@Sm@Sy@[_@OgBs@wAm@UKYKQIWKYMw@Y_C{@UI}@[WI]MUIUIQEQESEiAWuAWYGX@P@TB\BB?XBVBN@XBZ@d@Dp@JuAYcOyCgH{A]KIESKUMe@a@_@[[UIGCAUOWMYQi@a@e@]_Ac@kAm@eB{@OIOEYIOEi@KyCo@[EUCQCO?I?W?a@BoCVo@DS@O?[?qALu@oR_fAjY^IiC`AcA^]L[LWJ]RQJ_@VURWVMNQTMR_@l@m@`AiB~CSb@_@l@}@zAgAhBiAhBc@t@S`@MZM`@Kh@UhAo@fEw@fFGb@Gd@EXCVEb@Eh@CXAb@Ab@?\?V?RBl@FrABn@@p@@r@?T?VAZATCXEVEXETIXIVEPMXKVOVQZqBdDEFORKN]b@KLMRQXU`@Ud@U^Yb@Y\MRQVW^OVOPKLQNSRSLWJSHYHWDOBO@M?Q?OAYEQEOE_@Oy@_@YKUI]GUE]Ci@?w@DeCJuAHcERm@Dm@@_@?g@Em@MUKUKYQ[U]Yc@c@WS[UUM]OSIc@Kg@Me@K[MWKUMUOOKYWo@s@m@i@c@Y]Q[OiAa@[OWIa@Ki@KmAQkAS_@I@SARUGSIOGOKOMKMQQW_@We@a@{@e@aAWg@OWOSQSIIWUYSUKSKYK[IYESAWCQ?aA?iA@k@@_@?c@CYAc@GQCQEUIk@SUMa@WYWSSOOQUQWUc@O]e@gAAAM[_@w@KSSWo@q@wAoAa@]WQYMSK]MKEJDa@Ke@OiAY{@W_@KSGg@OqAk@y@]yB}@UIUI_@Ke@Ic@Ig@Ee@EiCQa@Ci@G_@Ga@Ic@M_@Km@Wi@Sg@UgAe@m@Wo@S_@IWGiAWgAUqAYWEWCUA]@M@MBQBSF_@L[L_@L[FUB?A?@Y@M?UASCUEc@OSIMKSQMMIKKQ[i@c@m@a@_@k@Y_@McC_A}B}@[KQEME_AO_@Eg@Co@?{@@Y?a@?i@Ck@Ga@EQEOEQIKGQMMKc@c@YSQKYIQEMASCM?Q@UBc@H{@LSBWBW@W?_@AUAWCWESEWGSIQG[My@a@]OSGWG]KWCSC_@Ag@?S@UBq@Lg@La@H]Fe@DY@[?oABc@BSBODSDUFa@NULYPe@TWPQLQLo@l@e@b@o@h@QLKFOHULKDe@P_@He@H[BeBHa@BYBUBUHQDMFSHOJUPGFOLKJILKNKRKRITGTENId@G`@W`CGb@ETGV@?A?GTIPIPOVKPW^{AnBeC`DQXMROXELIPGRCNENG`@Ir@StBYvCIv@C`@Ef@Af@Ad@?l@Ax@Cr@Gx@Mr@IZM`@Qf@Uj@OXMVKVMPSZSXQTo@t@gArAgBtB{AhBc@h@c@f@OPQLQLGDSJUFOBOBU@[?S?yAG}@C[?W?WBSBSFQFULSJWTYXYZURYTa@VSHWLe@N_@LMFSHSLWP[VONMJUNKDSJMBOFSBU@M?QASCSCQGSI_@QuAw@aAi@WOQOOKMOMOMOIOKQMYGSM[Oa@OYQUMKOMMGMEQGOAOAQ?U@OBODUHKHKFKLIJKLIPENGNCRCPAP?R@P@VDZD^Nz@TlADVN|@BTFb@?PB\@\?VIfAKz@UxBYvCCNGj@I`@IZMZMTIJMPUTKH_@RKFk@Ra@J_@FW?Y?a@E_@K[MwAs@qDiByC{AYQc@Sg@USIYMVP@@f@Zt@b@lAn@|DhBZR[S}DiBmAo@u@c@g@[AAYOSKOGOGe@Yk@]IG_@SYO[OOE[KcA[iAYc@Gc@Ai@?UBYDYH]La@TUPWTYZS\Yr@GTI\Gd@C^A\?XBb@BZDZJj@\|AR`AXrA^dBZjAZ`AVl@fBtEdAlCb@hA\z@`AfCx@rB\|@Zv@HPp@xBj@vAdAzCt@|BpAbD`AjCLUMTxBjFnApC\t@LXd@~@Tb@\j@X\RXZ\TVl@h@h@`@b@XZPRLpEhCnC`Bt@f@h@d@Z\`@h@Vb@FHTb@JTJZPd@DPL`@H`@F`@Fb@D`@Bb@Bf@?l@?l@EbAGt@Kt@Kd@Kf@K\Mj@s@tCu@tCWdA]rAYfAKf@Ml@E\EXC\C`@C^A\?T?^@`@@b@Db@BTDb@DVFZNj@H^LZJZP`@NXVd@T\V\TX`@b@pA|AJJhAnAzDvEBECD{DwEiAoAKKe@q@g@q@s@{@UYW]Q[Wg@Ui@KYMc@S{@Km@Io@C]Cc@A]Ae@?e@@k@Di@B]DYBWHg@Py@XiA\uAXeARw@rAqF^yAH_@DUHe@D_@Di@Da@@i@?a@?c@Aa@Ck@Gk@Gi@Gc@I]G[Ma@Qg@M[IQUe@k@{@c@i@e@e@USs@g@sCaB_CuAkBgAeAq@m@g@i@i@c@e@m@{@c@s@Yk@Yk@[y@a@iAo@kBg@oAkF}Mk@wA}@sBi@mAqAgDIQ_AoBw@uBeAkC[u@gAqCiCyGO_@Si@Oi@Oi@Oo@Qw@Mi@Os@e@uBKi@Mo@Im@E_@Ca@?a@@]De@Lq@Ni@L_@JQT[RWRQPOZSb@S`@K^I^Cf@?`@Bb@FXFr@Rh@Nn@TTJg@]g@[UMa@O_@Mq@U[IOEUCQCSAQ?Y@U@QBSDOBQFUHQHSJUNQN[Vy@p@YZWZYb@]j@iApBu@vAs@tAk@nAi@tAaCpGu@pB]x@{@xB{@|Bo@dBm@`B[x@yAvDeApC]`AYt@Yx@Od@Mb@G\I`@Gb@E`@Gf@Ed@Ex@Gf@EZK~@ANQ|CMjBMbBKzAIbAEb@Ib@Gb@K`@I`@M^Ob@MZO\S\Wb@[`@QRSRWVo@f@y@j@_Ah@q@b@KHEBKFWNOJOJwCtB}@dB
30,paduDw`j|D[CfGtAl@Jn@LpB`@vCj@NB^DVDZB~APv@JXDd@Jb@Lb@NvAf@hA`@XJTHZLnAd@r@Vd@Tb@Z`@XTPPRRVPZXp@`@hANl@Lv@Fp@X~CXzCL~AFd@F`@H\HXJXFNNZ^n@LTRTTVRRzAvA`BzATPPLVNZRXL\L~Bt@xBr@SCRByBs@_Cu@]MYM[SWOQMUQaB{A{AwASSUWSUMU_@o@O[GOKYIYI]Ga@Ge@M_BY{CY_DGq@Mw@Om@a@iAYq@Q[SWQSUQa@Yc@[e@Us@WoAe@o@YAAYOZJdBn@rAf@f@TZTf@^PPTRb@l@\v@L\Rn@Ld@DVFf@Hr@V|CXzCL~AFd@H^Hb@HXHPN^\n@NTPTPRPPRPRRbAv@ZVVPv@j@PL\Rp@\f@Rh@PzAb@xBt@RFfCt@\H\DRBXB\@V?n@?~@Ch@AbACZCx@CZAf@?`@B^D`@FrAPrBX~@N\FXFXLTJPHTRRNj@j@v@t@|AzAp@r@t@r@z@x@XXTP\Zx@r@t@n@j@d@XVRRNNRVPTb@j@|@lARZd@f@h@l@~@bAOLNMrAxAp@r@|@bA\\`@b@XVr@p@hC|Bl@h@~@p@v@n@VRXXTVz@~@bBhBbAhAbAhA|AdBrAtAt@x@r@z@j@t@X^^d@^h@b@j@X\Z^ZZZXVR\V\Vh@^zGtEdBhApCjB^Th@\k@YSK[MSIe@Wr@b@x@d@[Q]Oc@SYMSMw@c@e@Ye@Yu@e@M[LZt@d@d@Xd@Xv@b@RLXLb@R\NZP|@f@RLp@`@ZV^X`@`@XXf@p@n@t@l@x@`D`EbC~Cp@z@hEpFxD~EzBtCd@j@h@j@~DdE~AbBj@h@`@d@^^l@h@n@h@z@n@f@\v@d@z@b@tAr@x@`@JYKX^P`@R`@PVJ\NrAb@rBh@pCj@~@Vf@Lx@VtAf@z@Tf@Lj@R~@\d@N~Al@jA`@fA`@lAb@rCdAlBr@`DjAv@XL@MA|Aj@lAb@hBp@pAd@`Bl@TFRFPBRDL@vBPl@HTFPDfElAzAd@^P^RVRl@f@\`@^f@l@hAf@tAxA~ERl@Vn@T^x@|@XTRNRLz@d@ZJTD^Fb@Dd@?d@AzCIt@Cv@Ad@CXCb@Ef@Gf@IfDy@f@OhCo@vBi@d@Mn@Ml@MbCc@l@M~@Qn@O\GZKJEVITIVKXITKPGVI\OJCb@KeF`AwBmFvBlFdFaAc@JKB]NWHQFUJVGv@O~@Qf@GRCj@Eb@A`@?Z?h@?x@Fd@Dl@Hj@J|@T|D`AvA\d@Lf@LVLn@RVH`@JlD|@~A`@n@Nd@Lb@LZJdA`@z@`@^Pv@f@TP\VVRbAz@[PZQvAlAlB`BdBxAtAdAlA|@tBzA|CzBjAx@LJrDjCfEzC`EvCxAfAzAfApA~@fBnArA`AlDfCbD`CTNx@t@z@t@TN^Z\Z\XPLj@h@d@^j@`@b@ZnA`AvAbAzAbAdDdCj@d@h@d@|@p@tA`Ax@n@\Xh@f@p@p@h@j@`@ZhBtAKg@Jf@JHjCjBPJFDLFXLXLn@ZVPd@Xd@Z`@XTPRNTNNJRNVPPNXR~@p@z@l@r@p@d@b@nApA`EhE|DfExD~Dt@x@fCjCxC`DdBhB`BnBtAvAlBpBLLt@t@vAtA\\jDrDjDpDxB~B^`@n@n@v@z@z@x@ZX`@Z^X^Vb@XpAt@xAz@`@Tf@T^Pp@`@zBtAhHdE^RbAl@|IvF`Ad@bAf@fBbApBlAnC~AzErChBfAtFdDjCzAf@Z`B~@z@f@vDlBf@Lg@MtAt@|@d@p@^p@Z~A|@`Af@hB~@lAn@r@\v@^vAl@hEbBVJp@VhCdApBt@rAh@dBr@zAb@RJr@Tf@LnA\|@X\JjAb@|Al@SCRBvDzAbC`Az@^rAf@l@V|@\tAj@vAh@h@T~ClAhB|@`A`@VJhAVv@XPFzAZf@Jf@JZDf@Dl@Dv@@rBFdFLz@@nBFfEHjDJzABlBDhDHvCH~BFlFLfAB`ABjAHr@JbAR~@V|@Zv@^h@V~EdCPLp@`@VRVTZ\RXTZJPLXZp@Vv@V~@XbA^vAZlAL^N`@JVLVRd@R\Zd@j@x@f@r@r@`Ap@bAtAlBR\Rd@PZTj@L\Nb@J^HZFXHZLt@R|AJz@Hp@Hj@Jl@F\Lj@Tv@Tv@Th@^t@f@z@b@p@l@t@f@j@p@j@p@j@lA|@j@b@r@d@l@^\P\NRJd@Nf@Nl@Pl@JZDZBr@D\@V@l@Av@AvDS`AGpBK^C~@Ex@?p@@\Bl@Fh@H`@FRDz@V~@d@`Ad@DBl@Zr@^h@\f@^nAz@vDhCSAR@rDhCrE~C`A~@PNXPl@\d@X^Tz@n@bA~@tDnDbEzDbB`Be@g@m@q@fGzFzBtBn@n@\\l@p@^b@dBnBbBxBr@~@b@n@~@vAh@z@n@jAP`@Rb@Vf@r@tAt@tAh@v@RZX`@d@l@\b@t@x@VV`@^l@f@b@^h@`@z@l@vBxAVPf@\pHfFfBlAlJrGf@lBg@mBlH`FjH`FdBjA|CvB`EnCf@Xl@\z@`@h@Vx@\`@Ln@RjAZx@PjHvAbFbAnCj@dCf@`AXzCz@h@Pl@N~@RnBn@f@NdElAl@Nh@L]l@\m@d@Dj@@j@?~@InAKHArBQxAMp@E^Aj@A^?^?^BZD`@HbBZdB\j@LT@VDl@HtAV|A\v@Rb@L\NXLPHb@V^TRLVTVPh@d@d@b@vCfCvCjChHlGvBjB|AtAj@j@VXX\\`@Zd@l@`ArA`C|BfE?F?GbEpH\j@NRRVf@h@VTRPTNRJ^R`@PTH^JVFXDb@HR@`@BZ@R?V?ZAlAIrAKn@Gh@Eb@C^A\?\?T?T?R@b@Db@Dd@F`@F`@J^Jf@NbA\lF|B\Pr@Z`@NjAf@`EfB|BbAn@X|@f@p@^RPnAx@UNTOfAt@`Ap@l@b@jAv@j@`@v@h@vAbAv@p@VVjArAdBlB`AfAf@b@RNRLVLXNpAh@~Ap@f@TZN\R`@Vb@Z^XXV^\p@t@dAjAjBpBPRj@l@rAxAfAnALLrA~Ax@z@f@b@`@\`@ZZP`@TXL^RZJv@XtCp@d@LtBf@n@P|Bj@jEbA?S
31,paduDw`j|D[CfGtAl@Jn@LpB`@vCj@NB^DVDZB~APv@JXDd@Jb@Lb@NvAf@hA`@XJTHZLnAd@r@Vd@Tb@Z`@XTPPRRVPZXp@`@hANl@Lv@Fp@X~CXzCL~AFd@F`@H\HXJXFNNZ^n@LTRTTVRRzAvA`BzATPPLVNZRXL\L~Bt@xBr@SCRByBs@_Cu@]MYM[SWOQMUQaB{A{AwASSUWSUMU_@o@O[GOKYIYI]Ga@Ge@M_BY{CY_DGq@Mw@Om@a@iAYq@Q[SWQSUQa@Yc@[e@Us@WoAe@o@YAAYOZJdBn@rAf@f@TZTf@^PPTRb@l@\v@L\Rn@Ld@DVFf@Hr@V|CXzCL~AFd@H^Hb@HXHPN^\n@NTPTPRPPRPRRbAv@ZVVPv@j@PL\Rp@\f@Rh@PzAb@xBt@RFfCt@\H\DRBXB\@V?n@?~@Ch@AbACZCx@CZAf@?`@B^D`@FrAPrBX~@N\FXFXLTJPHTRRNj@j@v@t@|AzAp@r@t@r@z@x@XXTP\Zx@r@t@n@j@d@XVRRNNRVPTb@j@|@lARZd@f@h@l@~@bAOLNMrAxAp@r@|@bA\\`@b@XVr@p@hC|Bl@h@~@p@v@n@VRXXTVz@~@bBhBbAhAbAhA|AdBrAtAt@x@r@z@j@t@X^^d@^h@b@j@X\Z^ZZZXVR\V\Vh@^zGtEdBhApCjB^Th@\k@YSK[MSIe@Wr@b@x@d@[Q]Oc@SYMSMw@c@e@Ye@Yu@e@M[LZt@d@d@Xd@Xv@b@RLXLb@R\NZP|@f@RLp@`@ZV^X`@`@XXf@p@n@t@l@x@`D`EbC~Cp@z@hEpFxD~EzBtCd@j@h@j@~DdE~AbBj@h@`@d@^^l@h@n@h@z@n@f@\v@d@z@b@tAr@x@`@JYKX^P`@R`@PVJ\NrAb@rBh@pCj@~@Vf@Lx@VtAf@z@Tf@Lj@R~@\d@N~Al@jA`@fA`@lAb@rCdAlBr@`DjAv@XL@MAw@YaDkAmBs@sCeAmAc@gAa@kAa@_Bm@e@Oz@Tr@RbBl@dA`@hA`@vCfA|DvApBt@dBl@^NbA\hA^z@\n@Pn@N~@PVFNDVFb@F`@D|AHVBTBTDTDTFvAf@xAf@xAf@rAb@`@P\RPLTRNNZ^R`@P^Ld@Hb@F^BX@V?n@EbCAZ?P?tA@|A@hA?d@@zABhB@nA@hAAf@A\Ef@Gb@I`@Kb@Qd@m@zAK\M`@Kf@G\G`@Id@Gp@IpAAp@Af@?x@?|A@`A?`@@b@BZBd@Fd@Hf@H\Jd@r@hC\jAXfAPj@Nj@Jd@Jd@DXD`@Dp@@l@EdAKx@Or@Ul@Yl@a@h@]`@a@\c@\k@b@gAv@c@Zq@f@y@n@{@t@_@\SRY\W^S^QZOZYx@Kb@GVKn@G^CVC`@Cf@?^?d@@d@@^Dh@D^Jl@Nn@Nf@Tp@R^Tb@NRPXPRRT\Zb@^VP\Tb@Z\VVRVVXXX`@PTT`@Vh@L^LZJ`@H^F^Jv@Fx@@z@?\A`@C\Cb@G\E\Ml@Kb@Sn@o@pBIVIVOd@Of@g@vASn@Yv@O\M\S\OXqCtEe@v@]h@aAbBILg@x@Yb@YZUTWTWR]T]VWRSPONSTY`@QZO\KXGVUjAGh@Cd@?l@AnH@p@DnB?h@?~@?b@JdEJ~EPjJBl@BnABjAAE@DD`B@pA?t@?hAAb@Ep@Ed@Eb@Kd@Mj@Qn@Ob@O\MXQ\Yf@Wd@k@|@a@t@g@`AeBnCe@r@m@bAEFcAnBc@p@wBhDa@j@w@r@{ArA_@\]\c@b@_@b@i@r@Y`@e@l@c@l@g@d@m@f@o@h@WVSRW\KTKTM^IVCRE\AHATAX?^BVFd@DTJ^N`@Xd@Z^f@d@nAbAZZTX^j@Rh@DPLf@Lj@F`@Hl@Hf@JdA`@bEZpCNnAHl@PfBP~ARzBYSXRPbBP|AF`AD`@Bp@Bz@HxD@hB?n@Cp@C^Eh@MbAOv@a@vAYbAe@|A[hAMd@ERGj@CTARALAP?X?T@VBZBXD`@J`@J`@L`@Td@Zx@Xt@Rl@Jb@H`@BZDf@@^?`@?`@C`@C^If@Kb@Qj@O^KVUZa@h@UV_@Z]PULa@Ra@LaCz@cCx@C@cA\eA^aAZUDKDk@Jg@D_@Bi@@]?]AWC[E_@GYGs@SuBk@BIF@KFtBj@r@RXF^FZDVB\@\?h@A^Cf@Ej@KJETE`A[bAc@gAVy@XYHKD]FSDc@D_@Bg@@[?[AYCYCa@GYIs@QmA_@q@QgBi@uA_@]I]GYC_@C]AW?]B_@DWD[H]LSH]R[TURUTW\Yb@MZO^Od@Mp@G\C^Cf@?\@Z@\B\F`@F`@Lh@Xv@Vx@Xp@zAbEbBjF\lAb@zAfA`ENb@Jf@Pd@Xn@Tf@Tb@V`@d@r@bE`GV\X\VRTPVP^Lb@HdAFf@D\D\HZLTNRPHDHJRVNXLXL^Ln@Dl@?d@Cb@E\GXI\KVOXSXQPUPWPUJWF[F]DU?[ASAUESG_@M[My@a@k@U]Ka@Ki@IYC[AY?_@?y@DoBLaAFk@F]F]H[JWJULYPUP[ZSTUZS\Uf@Qb@e@lAa@hAYr@Yp@]r@c@p@[\QLm@Zo@X}@ViCn@a@JYLYLUJUNOLg@b@STmBzBa@d@{DtEgBrByDrE}BjCSV{@bAGFi@h@QLSP]TWP}@`@w@Zo@PgAL}Dd@aEb@iALe@Bm@Bm@AYA_@Ei@Ie@Kk@SWK]Qe@[uA_A]Uo@a@]SSISKa@KSGWE]EOAe@Ak@@c@Dc@Fa@Jg@TWLYPi@f@UV[`@e@x@_@n@k@hA]p@[n@Q`@Mb@IZIb@KnA?n@@n@B`@Db@H`@Jf@Ph@f@pAxCbHL\LXPd@Ld@Lb@Hd@B^Dl@@b@Ah@C^E^Ih@On@Yr@KVU\QVSTSN]VaAj@gAf@k@Tk@Xc@XWPa@b@[\S^qArCKRS^_@h@a@f@UPk@^[N[JSFWFw@Jc@F[Be@Bw@Hg@J_AZSJ]P[VYVm@r@KNUd@O\K\IXGVCPEZEXAX?HA^?\@R?PBVD\@KAJDZFVJ`@Nd@N\^t@R^Tb@JRLVN^HTHXFXDVFd@D`@Bb@@t@@p@@j@B\Bl@Ff@F^H^J^Rf@Xj@T^^b@TRf@\ZPZLRHTF|@Nb@H`BR^Hd@Lh@Vd@Vj@h@TXRXP\NZN`@HXFVDTD\Df@@Z@j@ATAXC\E\GXEXK`@Md@K^Qb@[n@QZU\a@h@c@f@YRONwChB_@Tc@Va@VWR]^g@r@QZS^Of@Kf@Ih@E`@Cf@Az@Bj@Db@Db@Hb@Pl@Rf@P\^h@Z`@^Zd@\ZNdA`@pA\t@Vn@V`@VVRRLPRPTLPNTNZHRJZJ^BJFVFj@F|@BhA@t@?f@@d@?b@B`@B`@Fh@PvAh@bDXhBHl@D^B^Bh@?Z?^A\CXCREZGXGXQj@Sd@Uf@Sb@Wf@Sd@Oh@IXIh@Gb@CVATAPAT?\@V@VBXDXDXBTH\Lr@RjALn@H^d@fBb@fBhApElArEl@|BLb@Nn@H^Lt@Ft@FhADpAJhBJvBBd@Dd@Fn@Dn@Bd@Bd@B|@@n@Ah@Ep@Ed@AHw@lGYbCKx@]tCMz@EXGTKZQ\KRORWVOLOJSJWJQD]DWBW?a@CYCUG]KUIeB}@]Oa@MMEWEUCSAU@O?UBQDKBWFWJUN[XSTW`@[j@Sd@Sb@[h@Y^YX[TYL]JWFYBS@M?_@Aa@GYGi@S}@_@m@U]I_@G]C_@?_@BYFe@NUJWNYTYZcBfBuAdBa@l@Yb@S^Wn@KVG\EVEXC`@C^?X@\@b@Db@DTH`@Rj@Vp@Xf@X^TVBBh@h@RP\TFDjCbBhEhCnAv@nAv@d@XPRgc@vnBGEq@ZQH[NUJUJUF[HYD_@DO@Y?[?y@E_@Ew@GX]Y\g@Gg@Kc@Mk@Wq@e@c@e@c@i@KQMYACWo@YaAa@aBOg@IQIOMSOS[_@m@i@_@_@W[We@Ug@Yu@GKi@iAU_@UY_@a@QM[O]M_@IKAYCU?_@B]D]JUHQJ]TSTQRQZKVQf@I^QhAMn@Mn@Od@KZUb@W`@QT]^[Va@Ve@Za@X{CpBgG`EeB`AWRMHONOPc@d@}AtBm@jAk@tCIfAA^C~@A~@ClAIlAM~@c@rB[xAc@lB[zAm@lC[rAS|@kBlI[vAm@nC]lAQh@Sh@c@hAc@jAa@dAw@vBo@bB]v@KP[f@SZIJBCCBYXSR]Vs@b@QJ]PcAXg@No@PWHk@Re@ZMF_@Va@`@s@x@e@j@[`@Y\SXU\[h@]v@Yp@Ur@c@fBSrASfBQhBK`AGf@CJuBrLm@`Dc@bEEh@Al@A`@@b@@ZBb@D`@Jf@H\HTd@xAXfAHXF\Db@@V?f@Cd@E^GZIVO\S^UXSRUPQJQHWHs@Ns@Js@Hi@Ha@H[LQHMHSNONORQVIRIPIXIZIh@Gd@S`BK~@cAnIQ~AGj@EZGj@Ed@?`@Ab@@h@@XDZBZFn@Lp@dA`GVrANx@PpATzALr@PdAf@jCHdAZjEb@rE`FlXlAlEdA~Db@dBZvBXrBJdALrBD^VrCf@tGBn@Co@g@uGWsC^fCj@dGR|B^fEBZJdABJH|BPtKl@hs@?nB@ZFtAJhARrAThA~@|CbUvo@VlANc@Ob@N~@B^Bh@@j@AZAVEd@E^G^I`@On@M`@KXITMd@Sz@EZETAXC\?l@?\Bz@D`B?r@Cb@AZG`@G`@GVIZO`@Sb@S^[^STWVYTo@h@}@l@m@d@_BpAk@b@{AnA_BrAoAbAsBOrBNnAcA~AsAzAoAj@c@~AqAl@e@|@m@n@i@XUVWRUZ_@R_@Rc@Na@H[FWFa@Fa@@[Bc@?s@EaBC{@?]?m@B]@YDUD[R{@Le@HUEZK`@ERIZG`@CVCXC^?P?`@@l@DfC?d@An@Cb@Gf@I^I^Qh@Uh@U^[`@c@d@e@`@m@f@{@p@k@f@s@j@yAjA{AnA_BpA_HxFeEhDu@l@o@f@e@Vg@XcBx@iAj@cCjAm@Xq@\_@PYLa@Nq@Re@He@F_@Bg@Ba@?oCBe@AqA@e@A_@@s@@YBSBOBUDWHODYJWNe@ZUTSPq@p@_@^SPWPYPQFWJYD[DW?W?_@E[G[Ig@Uk@YcAm@a@Sa@Qe@O[I]Ee@CY?S?e@D[D[JQDQF_@RYPWRQR]`@QT[j@Yp@e@bAS^QVKNSPWPg@T_@Nc@Ho@DeA?kABc@D[Ha@LWNk@f@[`@S`@Qj@Kn@IlACp@En@Eb@GXETIXKRKVMPKNIJWRWRQFOHQFODo@N{Cj@cARm@Js@Je@Bw@?g@Ga@Ge@Mi@SSMSM]Yk@i@[]q@w@g@o@a@c@e@e@WS[Qs@W]Ee@Ag@Bg@J]L]P[VUX[j@M\I\I`@EZAXAX@f@BbAFxBDdA@|@Cn@E`@G^Mj@Q\S^]^]Xe@Tg@Ni@H]@c@Ac@Ig@Oq@]y@i@a@U[MOEOGUCQCUAO?W@S@m@H}ARiRrCgANm@HiANo@H}BZsAP{BXg@J_@HWFQF_@NYLYP[RQLSPg@h@UXUZ]p@O^KZKXI\Kd@G^Kx@M~@Kx@I`@I^IXITKVOTQXOPMLc@Z]RaAd@a@TUN[T[P]P}Av@sDhB}E`CD@EAgFhC[P[PUPKJMJ]^QTOVKPKTM\M^G\I`@E`@C^?^?r@BzD?f@Cl@?n@?PDpGBp@Bj@BZHf@DVHd@H\Nh@Vv@b@`AP^PXZd@PTPPRPTPXPZNZLXFZFb@DR@Z@\A^EXETEVIRG^Ob@SdBy@dEoBlDcBrDcB`Ac@VMh@Ub@MZIXEXAZCV?Z@TBRBVD\L^J|@h@f@d@`@h@^n@Xr@Rr@Ht@D|@@t@Er@UrAQf@Yp@eAxB]|@Mj@En@A\Br@BXT|@Pb@Zf@^\d@Xb@Pb@HPB~@Ab@Id@Mr@[~JcFjBu@RItGeDzGeDfAa@h@Kt@Eh@A|@HRD~@^j@Zn@l@t@fAd@z@r@zAj@z@f@f@b@\`@T|DbBb@Tn@h@Z`@Zd@Vj@Nh@TdADb@@t@?h@Eh@Gt@M~@MdAKt@I^IXe@jAOVUZu@r@WP[PQHWHWFYFYBS@Q@]?SA]C_@Ga@G}@SoBc@iAWe@I_@EO?[AQ?[@S@SBWDUFUHOFUHQJa@X[XYXUVQV_@h@_@j@e@n@g@t@oB|CyA~B{AbCgC~DsCtEgBtCCg@Bf@yDbGc@p@_@n@]n@Yh@o@fAU`@Wf@Wj@KXQf@Od@I^Ml@Kl@Gl@Ed@Cd@CXAd@?f@?d@@b@@d@Bd@Fh@Ff@Fb@Jj@Pp@Pn@N`@Rf@Vj@^p@t@fAbCnCxDfEl@p@b@f@^f@f@p@xFdJ\t@Vr@Nd@ZpAP|@Fl@HdAFbA@t\Al@Ct@KbAIf@I`@K^Sj@KXGNS`@a@n@W\}@`AeC~BcCbCuCnCcAdAg@j@e@p@U`@e@|@wIxRi@rAK^[hAId@Kp@Gr@Cn@EdAGrBAt@El@Cb@E^EZGZMr@IZIXUn@O^Q`@S^_@j@_@d@_@^]ZURYTAZ@[oFnDaAp@c@`@YXu@z@MRU\[h@iA`CKXW^QV[^[VSNMH_@Re@Re@J[FWBS@U@a@A[Ai@IQCSGg@Ok@[c@Ye@]]U_Ak@UKe@M_AQs@Cq@@e@Di@Ja@J{@ToCz@gDbAkEpAgAZe@L[Fc@J{@Vu@VUJc@Te@\YV[\UZU^Q\qDrHcD~GKzAJ{AwChGi@hA_C|E_@v@MZKV]x@aBjDgAxBQVm@t@{@j@i@Va@La@Hi@Da@@e@?]Cy@OYIy@_@k@_@y@w@wBqC_B}Aq@c@YO_@M}@Mk@Ec@AkADyBTm@Bg@?u@Cw@Kg@Kk@Qo@W}R_KaA]g@M_@GuAKiDD{AGuEo@uDm@{Ba@a@Mo@WaAk@eCsB}@k@i@Y]McAWi@Iq@GuA@w@Dy@J_CZq@Pc@Lc@Pe@X[V[\YZW`@[p@Y`AWpAWpBMn@Qt@[x@Yf@i@r@YXa@Ze@Tu@TeARqEb@aARk@Te@Rg@Zc@^iBfBkKpKyNdOkClCi@h@qA~AcEfEsDvD{A~AsEtEgKpKkKrKk@d@[RULULUJUFKDMBSDSBQ@O@Q@W?[A]CWCQEWGQEUGgAe@k@U{Am@w@]i@SME[ISEYESCUCUAUAS?O@a@@_@Da@FYFWHUJUJSJUPSRQPKLMPGLOXGPQd@Kd@EVCTCTAP?RAT?N@T@V@XDXDb@D^L~@L~@Jb@FXX~@Zz@\bADNPj@BNBPBP@XBRBR@JBTFVz@dEh@fCl@zCPx@ZzAFd@RbCDTLx@`@lBZxAIg@Ec@Iq@G[Gg@M_BWsCWsCKs@u@uDe@L
32,paduDw`j|D[CfGtAl@Jn@LpB`@vCj@NB^DVDZB~APv@JXDd@Jb@Lb@NvAf@hA`@XJTHZLnAd@r@Vd@Tb@Z`@XTPPRRVPZXp@`@hANl@Lv@Fp@X~CXzCL~AFd@F`@H\HXJXFNNZ^n@LTRTTVRRzAvA`BzATPPLVNZRXL\L~Bt@xBr@SCRByBs@_Cu@]MYM[SWOQMUQaB{A{AwASSUWSUMU_@o@O[GOKYIYI]Ga@Ge@M_BY{CY_DGq@Mw@Om@a@iAYq@Q[SWQSUQa@Yc@[e@Us@WoAe@o@YAAYOZJdBn@rAf@f@TZTf@^PPTRb@l@\v@L\Rn@Ld@DVFf@Hr@V|CXzCL~AFd@H^Hb@HXHPN^\n@NTPTPRPPRPRRbAv@ZVVPv@j@PL\Rp@\f@Rh@PzAb@xBt@RFfCt@\H\DRBXB\@V?n@?~@Ch@AbACZCx@CZAf@?`@B^D`@FrAPrBX~@N\FXFXLTJPHTRRNj@j@v@t@|AzAp@r@t@r@z@x@XXTP\Zx@r@t@n@j@d@XVRRNNRVPTb@j@|@lARZd@f@h@l@~@bAOLNMrAxAp@r@|@bA\\`@b@XVr@p@hC|Bl@h@~@p@v@n@VRXXTVz@~@bBhBbAhAbAhA|AdBrAtAt@x@r@z@j@t@X^^d@^h@b@j@X\Z^ZZZXVR\V\Vh@^zGtEdBhApCjB^Th@\k@YSK[MSIe@Wr@b@x@d@[Q]Oc@SYMSMw@c@e@Ye@Yu@e@M[LZt@d@d@Xd@Xv@b@RLXLb@R\NZP|@f@RLp@`@ZV^X`@`@XXf@p@n@t@l@x@`D`EbC~Cp@z@hEpFxD~EzBtCd@j@h@j@~DdE~AbBj@h@`@d@^^l@h@n@h@z@n@f@\v@d@z@b@tAr@x@`@JYKX^P`@R`@PVJ\NrAb@rBh@pCj@~@Vf@Lx@VtAf@z@Tf@Lj@R~@\d@N~Al@jA`@fA`@lAb@rCdAlBr@`DjAv@XL@MAw@YaDkAmBs@sCeAmAc@gAa@kAa@_Bm@e@Oz@Tr@RbBl@dA`@hA`@vCfA|DvApBt@dBl@^NbA\hA^z@\n@Pn@N~@PVFNDVFb@F`@D|AHVBTBTDTDTFvAf@xAf@xAf@rAb@`@P\RPLTRNNZ^R`@P^Ld@Hb@F^BX@V?n@EbCAZ?PEpAIzBGn@Ef@E`@Gh@Ip@Mr@Kd@i@~BSr@Md@e@vAmB|Es@fBUl@Uj@Of@Qj@Qr@Ql@Ot@If@Kf@Il@Kr@It@It@Gt@m@dHo@xHIl@Kh@I\KVKX[l@[`@UVONOJWPF?G?MHSJk@PoBh@mA\mA\{A`@a@LWNYNQNSRa@d@_@`@[ZWNULQHUFe@Jo@J}AR_ANc@JYLYNOJQLOPQVMRQ^ITGVGVE\OhAKr@Gb@I^GXKb@KVELS^QXMRUXWVSL_@TYLQFMD]Fk@F_@B_BFi@D[B]F]F_@LUJSLYN[Vk@b@SNa@^o@f@UNQLSJOF[Hg@JaALoDf@P@QAaCZa@Fc@Je@LWHa@Pc@ZYVQRW^MVIPUn@oAtDc@pAo@pBSp@Kh@Ed@Cf@@`ADh@Hj@Nn@HTJVN\R\RVPPb@`@PJPJVLXLdAXv@R\H\JXJTJb@TZTNNVTJLHHV^Tb@Rf@Lh@Hb@DZH|@@b@Ax@CbACv@EbAGv@ERGf@Md@IZMZS^Ub@sBpD}B~Do@fAc@j@WZm@j@k@^a@ReBp@q@Vo@X}@f@u@h@u@j@w@h@_BjA]Xm@h@]^a@f@W\W^S^[d@Yd@WZWZc@\[TQHOFYLw@Re@Ls@RWHYNYNWPQNSRUXMPSZO\Od@Wz@YdAYhAs@lCe@lBVe@Wd@g@nBk@xBOl@EVCNEd@E`@AT?J?Z?`@Bb@Bf@Db@Fx@JlAL`BFx@B`A@j@Ab@Aj@Ez@C`@In@[zBMdAk@fEMdAGl@Gn@AV?b@?f@Bb@Hv@D^FVJ`@JZPf@\x@HP~@~BNb@Lb@JJKKHd@Dd@D`@?`@?f@Ep@Ij@Kf@Of@KVMTKRSXORMLURWPYRq@b@qAv@eAp@iAr@wA|@UN[PYN]L[L_@Lm@P}@Vc@NWJ]L_@RYRURYTUVUXQXS\MXO\M`@IZI\EXEZGp@Ad@?f@@d@@`@D\J~@J~@Hd@NfAhAhId@hDLhABd@Bf@?^AZ?RC`@E^CTETOt@Sp@O`@Q\OXsA|BMVO^IRIXMd@Kl@Eb@Cj@?X?X@b@Fp@Fx@Dz@@`@A`@El@Ip@Kr@Ij@BSCRYtBGv@AZ?P@h@Dl@Jj@Lf@Tl@JPNTX\VVn@h@TRb@`@RVTZRb@Lb@Jf@Bb@@Z?ZC\E`@Kf@M^MZU^SV_@Z[LUJWFm@Jg@F[Ha@LSJUNUPQROROVMXK^M^Or@[lAUdAm@dCk@zBSn@Qb@_@t@[b@OT]`@YXUTWPWP_@T]P[N[J_@Ja@Ha@He@Dc@BU?a@?c@?]A]EgBS[Ea@Ca@?a@@W@a@D]HMBSFYJYLULYPWTUTQRWZILEHS\Qd@GRITK\YhAOl@Oj@M`@O\O^SZUZWZ[X]RDOENSL[NMFMFs@Zc@R[Pe@X_@Ta@XWRw@j@WTUTKLQVS\_@l@_@p@c@p@UVWTQNOJYLUL[J]Ha@FSB_@@a@?_@Ce@E_@GiAQ]G[Ca@Cc@Cg@AO@w@@_@Bi@Fs@J_AR{@Tm@Pm@Je@Bm@@o@Eq@Ko@SYMUMa@Y}@u@a@]]SUKu@YWGYEq@E]?YB_@B[DyAV[Fy@Kx@JuDl@}Dn@i@Ja@J[JWJc@R_Ah@eAj@oAr@]P[Je@PUDYBUBi@@u@?e@?[@Y@YDYD[H[LWJq@^eCxAe@Zk@\mAv@oAr@EGDFmAt@_CxAMFm@^a@VUL[Pe@Ru@Xc@Lk@N_AVoBd@}Bj@yA^[F]JkBd@gDx@gBd@qBf@iAV{@L]Di@@a@?]A}@Ew@Ei@CMAcBKaEUwAIaBKo@Cw@GB\C]kAGqCOaBK_AEi@Ci@?q@@WBSBUDSDYFUHMDYLiAn@OJSPUVSTQRQVOXWd@MZITK^IXI^I\EZGl@M`BSfCOnBEh@If@EZGXGTI\KZMZYj@[p@Q\KZKXKd@Qt@_@dB]fBc@tBKj@Kd@Mh@Qj@Od@]v@Yd@{@zAi@~@Yd@QZMXSb@O^M\Ob@s@dCYbAo@rBy@nCm@xB_@hAKZSf@M\Ud@Wh@}@zA[l@{@rAYb@i@z@yDbGc@n@Ae@
33,x}buDymj|D@Al@Fb@FLBvAPt@R`Bf@j@Pb@Jp@NXFVFPDLDh@NLDbBp@tAj@ZLZLXJ^HrEdAJ@KAhGrAh@Jh@JvB\vB\l@Lz@PVDTB`@DRB`@D`@FTDTDXF`@Jd@P~Aj@n@Tn@Z@@n@XnAd@r@Vd@Tb@Z`@XTPPRRVPZXp@`@hANl@Lv@Fp@X~CXzCL~AFd@F`@H\HXJXFNNZ^n@LTRTTVRRzAvA`BzATPPLVNZRXL\L~Bt@xBr@SCRBlA\x@TXFPDPDN@PBP@T@R?Z@\Av@Cp@Cr@Cl@CZAXE^C`@?XAV@T@XB`@D~@JnBXhAP\D^JPDLDPHLHPLb@Z`@`@x@x@zAxAfAdAhAhA~A`BpAxAlAxArAzAd@h@dBjBfBlB@JAKtA|ArAvAn@r@fAfAvAvApAtAj@h@nCpChElEbEdElBpBfAdAjDnDt@t@Z^bAhAd@j@Z\NNNNPPVRXRjAx@nChBVNWOvA~@tAz@pAv@r@b@x@d@|@f@RLp@`@ZV^X`@`@XXf@p@n@t@l@x@`D`EbC~Cp@z@hEpFxD~EzBtCd@j@h@j@~DdE~AbBj@h@`@d@^^l@h@n@h@z@n@f@\v@d@z@b@tAr@x@`@D[EZ^P`@R`@PVJ\NrAb@rBh@pCj@~@Vf@Lx@VtAf@z@Tf@Lj@R~@\d@N~Al@jA`@fA`@lAb@rCdAlBr@`DjAv@XPFQG|Aj@lAb@hBp@pAd@`Bl@TFRFPBRDL@vBPl@HTFPDfElAzAd@^P^RVRl@f@\`@^f@l@hAf@tAxA~ERl@Vn@T^x@|@XTRNRLz@d@ZJTD^Fb@Dd@?d@AzCIt@Cv@Ad@CXCb@Ef@Gf@IfDy@f@OhCo@vBi@d@Mn@Ml@MbCc@l@M~@Qn@O\GZKJEVITIVKXITKPGVI\OJCb@KeF`AwBkFvBjFdFaAc@JKB]NWHQFUJYHWJUHWHKD[J]Fo@N_APm@LcCb@m@Lo@Le@LwBh@iCn@DMELhCo@vBi@d@Mn@Ml@MbCc@l@M~@Qn@O\GdAUd@K^ENC\CLCXE^I^Gf@G^CXCt@A`@Ad@@d@B\BVBb@DZDv@Pn@NtD`AbB`@pA\vBh@x@RtBh@~A`@d@N\Jp@T`@PVNb@RVNXPn@b@r@h@rDpCp@d@jBvApCtBbAt@jDbC`Ar@j@`@rA`Ah@^xAfAhBrAhDbCvEhDxAbAbAt@x@l@vCvBrA`Av@h@r@h@dAt@~@p@vB|AxB~AtBzAPLj@h@d@^j@`@b@ZnA`AvAbAzAbAdDdCj@d@h@d@|@p@tA`Ax@n@\Xh@f@p@p@h@j@`@ZhBtAMg@Lf@JHjCjBPJFDLFXLXLn@ZVPd@Xd@Z`@XTPf@b@v@x@|A`Bh@j@d@h@TXR^P\N`@HXDRDTBTBXBj@?`@AXAXCXEXERGTIXMXO\U`@OVORQRMNQNSPQLIHUL]R[Ni@R[F[F]F_@Ba@Ba@?YAa@Aq@GqBS_E_@_E_@kCW{@IcE_@eEa@gE_@iEa@eEa@eBQ_BOkBQ_@Au@A_@@S@UBi@HWF[H]JYN]Pc@XUPIFWV_AdAqAdBu@~@e@l@y@dAy@fAk@x@Yd@]j@c@x@[l@c@bAc@jAYbA_@lAQn@y@tCm@tBo@~B_@tAg@fBiA`Ee@`BSz@_@~AWdAQ|@Or@UnAO|@In@Ih@YjBa@nC_@`Cq@bEV_AW~@s@|EUxAQnAa@|CUzBM~@Mr@Mj@Sr@Oh@Sf@Sb@Sb@U^QX]b@WZYZa@`@]XUNa@X[P]P]Ny@X_AT[F]D[DmAJM@mAH_AFoBN_AFmEZmEZw@Ho@La@Lc@NYL[PWPWRURSRY\SVQXYf@Qd@Ql@U|@GXG^AVC^Et@?h@@f@Dl@Fh@Fd@Jj@Rr@Lb@dAbDRp@Lj@Lv@Fh@Bd@@b@Az@A`@C`@E`@Ef@CREVKd@In@Kp@Il@[fBS`AwAzHFw@Gv@WrAGVK`@I\Sf@_@v@k@bAa@l@mDvF_CtDmApB{BnDc@t@Q\O\Ub@Uj@IVOd@M^Md@Mn@I\Mn@OhAmA`LYxC[jCUvBQbBE\ERk@fDF_@@Q^qDBSD[[pBMr@UjAa@rBi@jCcA`FZoA[nAg@bCGVOv@I^Mf@K`@Oh@Qf@Sh@Wn@Uf@a@r@i@|@i@~@s@lA]l@Ub@Q\Qd@Yx@K`@Md@I^Kf@Ih@Eb@CZEh@Ch@A`@?h@?b@@d@Bn@BXBb@Fd@D^PbAh@tCJl@Jn@N`AHn@JdAFj@Df@Dt@Fx@B~@B~@@n@?pAAtAG|CA^?T?\FtC?T?ZAxAC`CC`@Ba@CpGChBA~AAh@Cd@C^CRCXG\G\Id@Kb@K`@M\MZ[p@OTSXOTUT_@^_Ax@k@j@WXUZMR[l@Sf@M\Md@I^I\CVE^KhAK`BIdAM`Be@`H}@pMGt@Cd@KbAQrASjAU`AOj@Qj@[z@Yp@]r@e@x@e@r@a@h@OP]^UV[X[Xu@h@_@XsBxASNUVSRST[d@KRQ\MZMZOd@K`@Ol@Oh@IPITMd@ENOf@KVM^Uf@Q^Qd@KZI\I\G`@E\e@xDj@?
34,pqohEctiiDIk@}JfCqBh@aATiAZyA`@YHUJa@N[NYN_@TQJSLWP]XWRQPWV}AfBeA|@STkArAo@x@wAQvAPn@y@jAsARUdA}@aDlDm@x@aCpDmBzCkAfB}@rAqD|F}BpDsA~AsAjAaDlCuApAoAzAgBzBiKfNKN_@f@_FrGm@n@_A|@}AdAkBjAkAd@jAe@sInF{BpA{BbAsAZy@Ny@F}@DmACiAI{AW}@[_Ac@_@S_@Se@]_@[iAkAcL}KaG}FaB}A}EwE_C}BsCoC~ApAv@t@~B~BPDQE_C_Cw@u@_BqAs@s@SUsAmAgAiAUS{AwA{BkAcDqAkCcAsAWmCi@gBYs@Ks@Eq@Cs@?THUIu@Ds@D}ALe@Bc@Fa@Fa@Jo@Tq@\{Av@aCxAe@^k@h@Y\[b@S`@Ud@O^Mb@Md@Kh@G^ALCVEl@Ar@?d@@h@HnA^xENdCDz@@z@?v@Ex@I|@KfAUnAKd@Op@o@|BMl@CL[lAO\c@lAQh@IVSp@Qd@[t@GRIRGTKj@Ib@Kh@gA~HFi@@MBm@By@@k@@m@Bk@@o@@a@@YDq@?IDa@@MFc@BUBWB[RoDLeCPiD?W@c@Cm@Cc@Eg@Wq@Vp@Df@Bb@Bl@Ab@?VQhDMdCSnDCZCVCTGb@ALE`@?HEp@AXA`@An@Cj@Al@Aj@Cx@Cl@ALGh@mCnRGt@Ab@?j@?bA?|@At@GpAAtB?NADQlDQpD@DAEPqDA^?N?|B?h@APAZGjAEt@It@It@M|@K~@Ef@Gp@Ej@Cp@Ap@AdA?n@?jF@`Q@vJAjAC`AG`AEd@IhAKz@U~@[tAc@tAOb@e@jAkBlDwBxDs@xAq@fBi@bBc@lB[lBQ~BIhCQ~HUhIA`CD~AHdBLpAX~Aj@fCtBlGh@`CTnBFrBBnBKfCQzA]jBi@lB{FtQaAjDQQPPuFxP}AlGu@lEStCArBJvCTvB@GAFPtAT`AFVJ`@Lf@N`@d@pAhB`En@xARj@P^Vx@\lALl@PbALr@Hn@JdANbBRrBHbAHbADn@D~ADvA?n@AjAC`AGfAIdAWfCUxB?Z?[[xCOxAATKpBAhA?p@Bh@D`A@b@Fx@Fn@VvBHl@Jt@Jx@l@zETbBP|AFn@H|@B\DvA@pA?p@CfAAZIvAeArNYtDqAhPa@fFUnCBg@@WBg@KdAIj@Gd@Kz@OdAMdAaFgB`FfBKt@Iv@]vEoAdP]|DKvAMpASfBKbAK|@UlAOz@WvA_@rBm@lD{BtMSfAMh@]xA]hAg@vAeBrEmAdDs@bBa@x@o@dAq@~@}@`AaAbAgDdDoBlBc@b@q@l@g@b@q@b@i@Zg@Vc@Rc@Pe@P_@Je@Lo@Lm@Je@Fm@Fy@FaBJcBHcAFaBH_BJ{@DiAFu@@g@@s@Ag@Aq@G_AK[GUEm@Mc@Ki@SYI]Oc@S[QYOg@Ya@[a@[USUSWWc@g@e@m@g@o@kAeBiCoDU[YYc@c@pEkGqEjGa@e@c@_@k@g@i@a@e@]{@e@iAm@wAk@{@[k@Oi@Oq@K]Go@Kc@Gg@G}@IuBUsD]cCWcAIe@Eq@Eg@?g@?o@?e@Bi@Dg@Dm@Fi@Jk@Li@Ni@Pg@Pg@Rq@^o@\w@d@uBpAsAv@c@Va@VWP[Tg@`@a@\g@f@c@d@}@lAkAfBmAjBeBlCkIsLjIrLyA|B}A~BuB`D{BhD}@vAc@p@U^Wd@Ub@Sb@Qb@Wn@Sp@K^Oh@Mf@If@QbAIp@Gl@En@G~@GtAIvBGpAIdAIz@Kt@Mp@Mj@Or@Qp@]bA_@dAyA|DiBvE{A`E_BfEiAxCs@jB[x@Un@Y~@[lAg@~Bw@bEa@rBKt@Kn@GZc@xB]bBS`Aa@hBg@dB[bA_BbF?uA?tAeD~JiCbIKZiAnD{@dC]z@Uh@}@fBc@v@eC`EmAlBo@dAa@r@_@r@U`@[v@Un@Wx@Ol@Sz@Mj@ObAG`@Iv@Eh@Et@Ad@Ah@Al@?\@p@Bp@@h@Dl@LvAL|AR|BBPFz@?x@@~@?v@Av@AbAEpBGjBCfACnACt@?n@?b@?b@@b@Bt@B\Bh@Fr@Fd@Hl@Hf@Hb@Lj@VfARr@t@jCt@lCx@tCdArDp@~Bd@hBlAhEd@bBn@zBV`ATfANz@N|@Fj@LtABt@D|@@v@DzACJBKHrCHfD@v@DnAJfDDxADjBFlCHpCB`BB`A?l@?|@An@C`ACl@El@El@OxAWvB[pCIz@Eb@Gp@Gx@Cj@Cp@Cl@?f@?t@?x@@jB@dCD`GDhCBxDBvB?f@@v@@r@Bn@FdANvBNdCJxAFbADz@FzBTvL@\FzCBjAF~CDdB[JZKBbADpCBzA@b@Bp@FdADt@RfCPrBDj@@d@Dv@B^VbDB`@Dz@Bl@@p@?lAClBK|AKpAU`BWvA]xA]hAe@jAi@nAe@|@o@fAy@dA[`@aAfAcAz@}@n@w@h@aAd@cAb@aAZi@N}@R_ANsBRaADuEXiBJ_@BgEVyMr@eCNcAJw@Jy@Nu@Py@XgAb@m@X_Aj@i@^}@t@}@|@o@v@m@z@a@l@Uf@c@|@[r@Wx@a@vAm@zB_@xA_@pA_@dA[p@c@`Ag@|@_A|Ay@rAo@hAq@rAa@|@]fAe@bB[dBQpA]|CSdBU`BUrA_@rA[fAi@tAiAhCmAjC_AxBq@zB_@dBY`BQlBMxBAlCBfFDrIDpI@~EFhLD|FAdCCtAKvBc@hHWzEYjEOzBUnB]zBg@pCe@rCMz@In@Ij@Cf@Gn@A^Ch@Ar@?~@@p@LnJDrBIKHJPxJFlDBbB?n@C|ACj@Gx@Gv@MhAa@tBa@~Aa@hAg@pA]r@_@n@k@|@a@f@WZWXy@z@qApAgAfAq@t@m@z@c@n@[j@o@pAg@rA]dAW`A]~AS|AGd@QtBeAjMe@jFUjCUtCUtCi@pGUxCGtACrA?tADtANbBJfAPjATdAd@hBd@nAfAzC`@vAVhALv@L|@NhADv@Dr@Bv@@r@AjBEjAMtAMdAKl@E`@Kb@Ib@Qr@y@`D}@dDi@pCQhAIx@C`@Er@C~@EzBIzJIvNMrEOnC[fCs@xD[lAq@nBuBlEeBnCgEhGsFhI_EfGcC|DqAzCiBpE_BbEi@rAyAvDKVUf@MVYj@MXO\Sl@a@dAOXGLKR[p@Wj@cAhCKVILKRO\w@lBw@s@
