route_id,time_category,counts,counts_average,time_category_duration,frequency
0,non_peak_1,2,2,480,240
0,non_peak_2,3,3,300,100
0,peak_1,4,4,240,60
0,peak_2,2,2,240,120
1,non_peak_1,1,1,480,480
1,non_peak_2,3,3,300,100
1,peak_1,4,4,240,60
1,peak_2,1,1,240,240
2,non_peak_1,1,1,480,480
2,non_peak_2,5,5,300,60
2,peak_1,4,4,240,60
2,peak_2,4,4,240,60
3,non_peak_1,1,1,480,480
3,non_peak_2,5,5,300,60
3,peak_1,4,4,240,60
3,peak_2,4,4,240,60
4,non_peak_1,2,2,480,240
4,non_peak_2,3,3,300,100
4,non_peak_3,1,1,180,180
4,peak_1,2,2,240,120
4,peak_2,2,2,240,120
5,non_peak_2,1,1,300,300
5,peak_1,2,2,240,120
5,peak_2,3,3,240,80
6,non_peak_1,2,2,480,240
6,non_peak_2,3,3,300,100
6,non_peak_3,1,1,180,180
6,peak_1,2,2,240,120
6,peak_2,2,2,240,120
7,non_peak_2,1,1,300,300
7,peak_1,2,2,240,120
7,peak_2,3,3,240,80
8,non_peak_2,3,3,300,100
8,peak_1,3,3,240,80
8,peak_2,2,2,240,120
9,non_peak_1,2,2,480,240
9,non_peak_2,3,3,300,100
9,peak_1,2,2,240,120
9,peak_2,1,1,240,240
10,non_peak_1,2,2,480,240
10,non_peak_2,4,4,300,75
10,peak_1,3,3,240,80
10,peak_2,1,1,240,240
11,non_peak_1,2,2,480,240
11,non_peak_2,4,4,300,75
11,peak_1,3,3,240,80
11,peak_2,3,3,240,80
12,non_peak_1,2,2,480,240
12,non_peak_2,4,4,300,75
12,peak_1,2,2,240,120
12,peak_2,1,1,240,240
13,non_peak_1,1,1,480,480
13,non_peak_2,2,2,300,150
13,peak_1,2,2,240,120
13,peak_2,1,1,240,240
14,non_peak_1,1,1,480,480
14,non_peak_2,3,3,300,100
14,peak_1,3,3,240,80
14,peak_2,2,2,240,120
15,non_peak_1,1,1,480,480
15,non_peak_2,3,3,300,100
15,peak_1,3,3,240,80
15,peak_2,1,1,240,240
16,non_peak_1,1,1,480,480
16,non_peak_2,3,3,300,100
16,peak_1,3,3,240,80
16,peak_2,2,2,240,120
17,non_peak_1,1,1,480,480
17,non_peak_2,3,3,300,100
17,peak_1,3,3,240,80
17,peak_2,1,1,240,240
18,non_peak_1,1,1,480,480
18,non_peak_2,4,4,300,75
18,peak_1,5,5,240,48
18,peak_2,3,3,240,80
19,non_peak_1,1,1,480,480
19,non_peak_2,3,3,300,100
19,non_peak_3,1,1,180,180
19,peak_1,4,4,240,60
19,peak_2,4,4,240,60
20,non_peak_1,2,2,480,240
20,non_peak_2,6,6,300,50
20,peak_1,5,5,240,48
20,peak_2,4,4,240,60
21,non_peak_1,3,3,480,160
21,non_peak_2,5,5,300,60
21,non_peak_3,1,1,180,180
21,peak_1,5,5,240,48
21,peak_2,5,5,240,48
22,non_peak_2,2,2,300,150
22,peak_1,3,3,240,80
22,peak_2,1,1,240,240
23,non_peak_1,1,1,480,480
23,non_peak_2,2,2,300,150
23,peak_1,2,2,240,120
23,peak_2,1,1,240,240
24,non_peak_2,1,1,300,300
24,peak_1,2,2,240,120
24,peak_2,1,1,240,240
25,non_peak_2,1,1,300,300
25,peak_1,1,1,240,240
26,non_peak_2,1,1,300,300
26,peak_1,2,2,240,120
26,peak_2,2,2,240,120
27,non_peak_1,1,1,480,480
27,non_peak_2,1,1,300,300
27,peak_2,1,1,240,240
28,non_peak_1,1,1,480,480
28,non_peak_2,2,2,300,150
28,peak_1,3,3,240,80
28,peak_2,3,3,240,80
29,non_peak_1,1,1,480,480
29,non_peak_2,3,3,300,100
29,peak_1,4,4,240,60
29,peak_2,4,4,240,60
30,non_peak_1,1,1,480,480
30,non_peak_2,1,1,300,300
30,peak_1,1,1,240,240
30,peak_2,1,1,240,240
31,non_peak_1,2,2,480,240
31,non_peak_2,4,4,300,75
31,peak_1,3,3,240,80
31,peak_2,2,2,240,120
32,non_peak_1,1,1,480,480
32,non_peak_2,3,3,300,100
32,peak_1,5,5,240,48
32,peak_2,4,4,240,60
33,non_peak_1,1,1,480,480
33,non_peak_2,3,3,300,100
33,peak_1,5,5,240,48
33,peak_2,4,4,240,60
34,non_peak_1,2,2,480,240
34,non_peak_2,4,4,300,75
34,peak_1,3,3,240,80
34,peak_2,3,3,240,80
35,non_peak_1,1,1,480,480
35,non_peak_2,4,4,300,75
35,peak_1,4,4,240,60
35,peak_2,3,3,240,80
36,non_peak_1,2,2,480,240
36,non_peak_2,7,7,300,43
36,peak_1,7,7,240,35
36,peak_2,6,6,240,40
37,non_peak_1,1,1,480,480
37,non_peak_2,7,7,300,43
37,peak_1,7,7,240,35
37,peak_2,5,5,240,48
38,non_peak_1,2,2,480,240
38,non_peak_2,4,4,300,75
38,peak_1,4,4,240,60
38,peak_2,2,2,240,120
39,non_peak_1,2,2,480,240
39,non_peak_2,4,4,300,75
39,peak_1,4,4,240,60
39,peak_2,2,2,240,120
40,non_peak_1,2,2,480,240
40,non_peak_2,2,2,300,150
40,peak_1,2,2,240,120
40,peak_2,3,3,240,80
41,non_peak_1,1,1,480,480
41,non_peak_2,4,4,300,75
41,peak_1,4,4,240,60
41,peak_2,3,3,240,80
42,non_peak_1,3,3,480,160
42,non_peak_2,4,4,300,75
42,peak_1,5,5,240,48
42,peak_2,4,4,240,60
43,non_peak_1,2,2,480,240
43,non_peak_2,4,4,300,75
43,peak_1,5,5,240,48
43,peak_2,5,5,240,48
44,non_peak_2,3,3,300,100
44,peak_1,3,3,240,80
44,peak_2,2,2,240,120
45,non_peak_1,1,1,480,480
45,non_peak_2,4,4,300,75
45,peak_1,2,2,240,120
45,peak_2,1,1,240,240
46,non_peak_1,1,1,480,480
46,non_peak_2,2,2,300,150
46,peak_1,3,3,240,80
46,peak_2,3,3,240,80
47,non_peak_1,1,1,480,480
47,non_peak_2,3,3,300,100
47,peak_1,3,3,240,80
47,peak_2,3,3,240,80
48,non_peak_1,2,2,480,240
48,non_peak_2,4,4,300,75
48,peak_1,4,4,240,60
48,peak_2,2,2,240,120
49,non_peak_1,2,2,480,240
49,non_peak_2,4,4,300,75
49,non_peak_3,1,1,180,180
49,peak_1,2,2,240,120
49,peak_2,1,1,240,240
50,non_peak_1,1,1,480,480
50,non_peak_2,2,2,300,150
50,peak_1,3,3,240,80
50,peak_2,4,4,240,60
51,non_peak_1,2,2,480,240
51,non_peak_2,3,3,300,100
51,peak_1,2,2,240,120
51,peak_2,3,3,240,80
52,non_peak_1,1,1,480,480
52,non_peak_2,4,4,300,75
52,peak_1,4,4,240,60
52,peak_2,3,3,240,80
53,non_peak_1,1,1,480,480
53,non_peak_2,4,4,300,75
53,peak_1,4,4,240,60
53,peak_2,4,4,240,60
54,non_peak_1,2,2,480,240
54,non_peak_2,5,5,300,60
54,peak_1,6,6,240,40
54,peak_2,6,6,240,40
55,non_peak_1,4,4,480,120
55,non_peak_2,4,4,300,75
55,peak_1,6,6,240,40
55,peak_2,5,5,240,48
56,non_peak_1,1,1,480,480
56,non_peak_2,3,3,300,100
56,peak_1,3,3,240,80
56,peak_2,2,2,240,120
57,non_peak_1,1,1,480,480
57,non_peak_2,3,3,300,100
57,peak_1,3,3,240,80
57,peak_2,2,2,240,120
58,non_peak_1,2,2,480,240
58,non_peak_2,5,5,300,60
58,non_peak_3,1,1,180,180
58,peak_1,3,3,240,80
58,peak_2,2,2,240,120
59,non_peak_1,2,2,480,240
59,non_peak_2,5,5,300,60
59,non_peak_3,1,1,180,180
59,peak_1,3,3,240,80
59,peak_2,2,2,240,120
60,non_peak_1,1,1,480,480
60,non_peak_2,4,4,300,75
60,peak_1,3,3,240,80
60,peak_2,3,3,240,80
61,non_peak_1,1,1,480,480
61,non_peak_2,4,4,300,75
61,peak_1,3,3,240,80
61,peak_2,4,4,240,60
62,non_peak_1,2,2,480,240
62,non_peak_2,4,4,300,75
62,non_peak_3,1,1,180,180
62,peak_1,4,4,240,60
62,peak_2,4,4,240,60
63,non_peak_1,2,2,480,240
63,non_peak_2,1,1,300,300
63,non_peak_3,1,1,180,180
63,peak_1,4,4,240,60
63,peak_2,4,4,240,60
64,non_peak_1,2,2,480,240
64,non_peak_2,5,5,300,60
64,peak_1,6,6,240,40
64,peak_2,5,5,240,48
65,non_peak_1,2,2,480,240
65,non_peak_2,6,6,300,50
65,peak_1,5,5,240,48
65,peak_2,5,5,240,48
66,non_peak_1,1,1,480,480
66,non_peak_2,4,4,300,75
66,peak_1,4,4,240,60
66,peak_2,2,2,240,120
67,non_peak_1,1,1,480,480
67,non_peak_2,4,4,300,75
67,peak_1,4,4,240,60
67,peak_2,1,1,240,240
68,non_peak_2,1,1,300,300
68,peak_1,1,1,240,240
68,peak_2,2,2,240,120
69,non_peak_1,1,1,480,480
69,non_peak_2,3,3,300,100
69,peak_1,3,3,240,80
69,peak_2,1,1,240,240
70,non_peak_1,2,2,480,240
70,non_peak_2,3,3,300,100
70,peak_1,3,3,240,80
70,peak_2,2,2,240,120
71,non_peak_2,3,3,300,100
71,peak_1,4,4,240,60
71,peak_2,1,1,240,240
72,non_peak_1,2,2,480,240
72,non_peak_2,4,4,300,75
72,peak_1,4,4,240,60
72,peak_2,3,3,240,80
73,non_peak_2,4,4,300,75
73,peak_1,5,5,240,48
73,peak_2,2,2,240,120
74,non_peak_1,1,1,480,480
74,non_peak_2,3,3,300,100
74,peak_1,2,2,240,120
74,peak_2,2,2,240,120
75,non_peak_1,2,2,480,240
75,non_peak_2,2,2,300,150
75,peak_1,3,3,240,80
75,peak_2,1,1,240,240
76,non_peak_1,1,1,480,480
76,non_peak_2,3,3,300,100
76,peak_1,3,3,240,80
76,peak_2,3,3,240,80
77,non_peak_1,1,1,480,480
77,non_peak_2,3,3,300,100
77,peak_1,3,3,240,80
77,peak_2,3,3,240,80
78,non_peak_1,1,1,480,480
78,non_peak_2,3,3,300,100
78,peak_1,3,3,240,80
78,peak_2,2,2,240,120
79,non_peak_1,1,1,480,480
79,non_peak_2,3,3,300,100
79,peak_1,3,3,240,80
79,peak_2,2,2,240,120
80,non_peak_2,1,1,300,300
80,peak_2,2,2,240,120
81,non_peak_1,1,1,480,480
81,non_peak_2,3,3,300,100
81,peak_1,2,2,240,120
81,peak_2,1,1,240,240
82,non_peak_1,1,1,480,480
82,non_peak_2,2,2,300,150
82,peak_1,2,2,240,120
82,peak_2,1,1,240,240
83,non_peak_1,1,1,480,480
83,non_peak_2,3,3,300,100
83,peak_1,2,2,240,120
84,non_peak_1,2,2,480,240
84,non_peak_2,7,7,300,43
84,peak_1,6,6,240,40
84,peak_2,4,4,240,60
85,non_peak_1,3,3,480,160
85,non_peak_2,6,6,300,50
85,peak_1,6,6,240,40
85,peak_2,3,3,240,80
86,non_peak_2,2,2,300,150
86,peak_1,3,3,240,80
86,peak_2,2,2,240,120
87,non_peak_2,3,3,300,100
87,peak_1,3,3,240,80
87,peak_2,1,1,240,240
88,non_peak_2,3,3,300,100
88,peak_1,3,3,240,80
88,peak_2,2,2,240,120
89,non_peak_1,2,2,480,240
89,non_peak_2,3,3,300,100
89,peak_1,2,2,240,120
89,peak_2,1,1,240,240
90,non_peak_1,2,2,480,240
90,non_peak_2,5,5,300,60
90,peak_1,5,5,240,48
90,peak_2,6,6,240,40
91,non_peak_1,2,2,480,240
91,non_peak_2,5,5,300,60
91,peak_1,5,5,240,48
91,peak_2,6,6,240,40
92,non_peak_1,1,1,480,480
92,non_peak_2,2,2,300,150
92,peak_1,4,4,240,60
92,peak_2,3,3,240,80
93,non_peak_2,3,3,300,100
93,peak_1,1,1,240,240
93,peak_2,1,1,240,240
94,non_peak_1,2,2,480,240
94,non_peak_2,6,6,300,50
94,peak_1,4,4,240,60
94,peak_2,4,4,240,60
95,non_peak_1,2,2,480,240
95,non_peak_2,6,6,300,50
95,peak_1,4,4,240,60
95,peak_2,5,5,240,48
96,non_peak_1,2,2,480,240
96,non_peak_2,6,6,300,50
96,peak_1,4,4,240,60
96,peak_2,2,2,240,120
97,non_peak_2,2,2,300,150
97,peak_1,2,2,240,120
97,peak_2,2,2,240,120
98,non_peak_2,2,2,300,150
98,peak_1,3,3,240,80
99,non_peak_1,2,2,480,240
99,non_peak_2,2,2,300,150
99,peak_1,2,2,240,120
100,non_peak_1,1,1,480,480
100,non_peak_2,2,2,300,150
100,peak_1,3,3,240,80
100,peak_2,2,2,240,120
101,non_peak_1,2,2,480,240
101,non_peak_2,4,4,300,75
101,peak_1,2,2,240,120
102,non_peak_1,1,1,480,480
102,non_peak_2,2,2,300,150
102,peak_1,3,3,240,80
102,peak_2,2,2,240,120
103,non_peak_1,2,2,480,240
103,non_peak_2,3,3,300,100
103,peak_1,2,2,240,120
103,peak_2,1,1,240,240
104,non_peak_1,2,2,480,240
104,non_peak_2,4,4,300,75
104,peak_1,5,5,240,48
104,peak_2,5,5,240,48
105,non_peak_1,3,3,480,160
105,non_peak_2,4,4,300,75
105,peak_1,5,5,240,48
105,peak_2,4,4,240,60
106,non_peak_1,3,3,480,160
106,non_peak_2,4,4,300,75
106,peak_1,2,2,240,120
107,non_peak_1,3,3,480,160
107,non_peak_2,3,3,300,100
107,peak_1,2,2,240,120
107,peak_2,1,1,240,240
108,non_peak_1,1,1,480,480
108,non_peak_2,2,2,300,150
108,peak_1,3,3,240,80
108,peak_2,2,2,240,120
109,non_peak_1,1,1,480,480
109,non_peak_2,3,3,300,100
109,peak_1,3,3,240,80
109,peak_2,2,2,240,120
110,non_peak_1,2,2,480,240
110,non_peak_2,6,6,300,50
110,peak_1,6,6,240,40
110,peak_2,6,6,240,40
111,non_peak_1,3,3,480,160
111,non_peak_2,6,6,300,50
111,peak_1,6,6,240,40
111,peak_2,5,5,240,48
112,non_peak_1,2,2,480,240
112,non_peak_2,5,5,300,60
112,peak_1,3,3,240,80
112,peak_2,3,3,240,80
113,non_peak_1,2,2,480,240
113,non_peak_2,5,5,300,60
113,peak_1,3,3,240,80
113,peak_2,3,3,240,80
114,non_peak_1,2,2,480,240
114,non_peak_2,5,5,300,60
114,peak_1,5,5,240,48
114,peak_2,6,6,240,40
115,non_peak_1,1,1,480,480
115,non_peak_2,5,5,300,60
115,non_peak_3,1,1,180,180
115,peak_1,5,5,240,48
115,peak_2,6,6,240,40
116,non_peak_1,4,4,480,120
116,non_peak_2,1,1,300,300
116,peak_1,2,2,240,120
116,peak_2,1,1,240,240
117,non_peak_1,3,3,480,160
117,non_peak_2,1,1,300,300
117,peak_1,2,2,240,120
117,peak_2,2,2,240,120
118,non_peak_1,2,2,480,240
118,non_peak_2,4,4,300,75
118,peak_1,3,3,240,80
118,peak_2,2,2,240,120
119,non_peak_1,2,2,480,240
119,non_peak_2,5,5,300,60
119,peak_1,3,3,240,80
119,peak_2,1,1,240,240
120,non_peak_1,2,2,480,240
120,non_peak_2,3,3,300,100
120,peak_1,1,1,240,240
120,peak_2,1,1,240,240
121,non_peak_1,2,2,480,240
121,non_peak_2,4,4,300,75
121,peak_1,1,1,240,240
122,non_peak_1,1,1,480,480
122,non_peak_2,3,3,300,100
122,peak_1,3,3,240,80
122,peak_2,1,1,240,240
123,non_peak_1,2,2,480,240
123,non_peak_2,4,4,300,75
123,peak_1,2,2,240,120
124,non_peak_1,4,4,480,120
124,non_peak_2,10,10,300,30
124,non_peak_3,5,5,180,36
124,peak_1,8,8,240,30
124,peak_2,8,8,240,30
125,non_peak_1,4,4,480,120
125,non_peak_2,10,10,300,30
125,non_peak_3,5,5,180,36
125,peak_1,8,8,240,30
125,peak_2,8,8,240,30
126,non_peak_1,2,2,480,240
126,non_peak_2,4,4,300,75
126,non_peak_3,2,2,180,90
126,peak_1,4,4,240,60
126,peak_2,4,4,240,60
127,non_peak_1,2,2,480,240
127,non_peak_2,4,4,300,75
127,non_peak_3,2,2,180,90
127,peak_1,4,4,240,60
127,peak_2,4,4,240,60
128,non_peak_1,4,4,480,120
128,non_peak_2,10,10,300,30
128,non_peak_3,5,5,180,36
128,peak_1,8,8,240,30
128,peak_2,8,8,240,30
129,non_peak_1,4,4,480,120
129,non_peak_2,10,10,300,30
129,non_peak_3,5,5,180,36
129,peak_1,8,8,240,30
129,peak_2,8,8,240,30
130,non_peak_1,4,4,480,120
130,non_peak_2,10,10,300,30
130,non_peak_3,5,5,180,36
130,peak_1,8,8,240,30
130,peak_2,8,8,240,30
131,non_peak_1,4,4,480,120
131,non_peak_2,10,10,300,30
131,non_peak_3,5,5,180,36
131,peak_1,8,8,240,30
131,peak_2,8,8,240,30
132,non_peak_1,2,2,480,240
132,non_peak_2,7,7,300,43
132,peak_1,6,6,240,40
132,peak_2,5,5,240,48
133,non_peak_1,2,2,480,240
133,non_peak_2,7,7,300,43
133,peak_1,6,6,240,40
133,peak_2,5,5,240,48
134,non_peak_1,4,4,480,120
134,non_peak_2,10,10,300,30
134,non_peak_3,5,5,180,36
134,peak_1,8,8,240,30
134,peak_2,8,8,240,30
135,non_peak_1,4,4,480,120
135,non_peak_2,10,10,300,30
135,non_peak_3,5,5,180,36
135,peak_1,8,8,240,30
135,peak_2,8,8,240,30
136,non_peak_1,4,4,480,120
136,non_peak_2,10,10,300,30
136,non_peak_3,5,5,180,36
136,peak_1,8,8,240,30
136,peak_2,8,8,240,30
137,non_peak_1,4,4,480,120
137,non_peak_2,10,10,300,30
137,non_peak_3,5,5,180,36
137,peak_1,8,8,240,30
137,peak_2,8,8,240,30
138,non_peak_1,4,4,480,120
138,non_peak_2,10,10,300,30
138,non_peak_3,5,5,180,36
138,peak_1,8,8,240,30
138,peak_2,8,8,240,30
139,non_peak_1,2,2,480,240
139,non_peak_2,3,3,300,100
139,peak_1,3,3,240,80
139,peak_2,2,2,240,120
140,non_peak_1,4,4,480,120
140,non_peak_2,10,10,300,30
140,non_peak_3,5,5,180,36
140,peak_1,8,8,240,30
140,peak_2,8,8,240,30
141,non_peak_1,4,4,480,120
141,non_peak_2,10,10,300,30
141,non_peak_3,5,5,180,36
141,peak_1,8,8,240,30
141,peak_2,8,8,240,30
142,non_peak_1,4,4,480,120
142,non_peak_2,10,10,300,30
142,non_peak_3,5,5,180,36
142,peak_1,8,8,240,30
142,peak_2,8,8,240,30
143,non_peak_1,4,4,480,120
143,non_peak_2,10,10,300,30
143,non_peak_3,5,5,180,36
143,peak_1,8,8,240,30
143,peak_2,8,8,240,30
144,non_peak_1,4,4,480,120
144,non_peak_2,10,10,300,30
144,non_peak_3,5,5,180,36
144,peak_1,8,8,240,30
144,peak_2,8,8,240,30
145,non_peak_1,4,4,480,120
145,non_peak_2,10,10,300,30
145,non_peak_3,5,5,180,36
145,peak_1,8,8,240,30
145,peak_2,8,8,240,30
146,non_peak_1,4,4,480,120
146,non_peak_2,10,10,300,30
146,non_peak_3,5,5,180,36
146,peak_1,8,8,240,30
146,peak_2,8,8,240,30
147,non_peak_1,4,4,480,120
147,non_peak_2,10,10,300,30
147,non_peak_3,5,5,180,36
147,peak_1,8,8,240,30
147,peak_2,8,8,240,30
148,non_peak_1,4,4,480,120
148,non_peak_2,10,10,300,30
148,non_peak_3,5,5,180,36
148,peak_1,8,8,240,30
148,peak_2,8,8,240,30
149,non_peak_1,4,4,480,120
149,non_peak_2,10,10,300,30
149,non_peak_3,5,5,180,36
149,peak_1,8,8,240,30
149,peak_2,8,8,240,30
150,non_peak_1,4,4,480,120
150,non_peak_2,10,10,300,30
150,non_peak_3,5,5,180,36
150,peak_1,8,8,240,30
150,peak_2,8,8,240,30
151,non_peak_1,4,4,480,120
151,non_peak_2,10,10,300,30
151,non_peak_3,5,5,180,36
151,peak_1,8,8,240,30
151,peak_2,8,8,240,30
152,non_peak_1,4,4,480,120
152,non_peak_2,10,10,300,30
152,non_peak_3,5,5,180,36
152,peak_1,8,8,240,30
152,peak_2,8,8,240,30
153,non_peak_1,4,4,480,120
153,non_peak_2,10,10,300,30
153,non_peak_3,5,5,180,36
153,peak_1,8,8,240,30
153,peak_2,8,8,240,30
154,non_peak_1,4,4,480,120
154,non_peak_2,10,10,300,30
154,non_peak_3,5,5,180,36
154,peak_1,8,8,240,30
154,peak_2,8,8,240,30
155,non_peak_1,4,4,480,120
155,non_peak_2,10,10,300,30
155,non_peak_3,5,5,180,36
155,peak_1,8,8,240,30
155,peak_2,8,8,240,30
156,non_peak_1,4,4,480,120
156,non_peak_2,10,10,300,30
156,non_peak_3,5,5,180,36
156,peak_1,8,8,240,30
156,peak_2,8,8,240,30
157,non_peak_1,4,4,480,120
157,non_peak_2,10,10,300,30
157,non_peak_3,5,5,180,36
157,peak_1,8,8,240,30
157,peak_2,8,8,240,30
158,non_peak_1,4,4,480,120
158,non_peak_2,10,10,300,30
158,non_peak_3,5,5,180,36
158,peak_1,8,8,240,30
158,peak_2,8,8,240,30
159,non_peak_1,4,4,480,120
159,non_peak_2,10,10,300,30
159,non_peak_3,5,5,180,36
159,peak_1,8,8,240,30
159,peak_2,8,8,240,30
160,non_peak_1,4,4,480,120
160,non_peak_2,10,10,300,30
160,non_peak_3,5,5,180,36
160,peak_1,8,8,240,30
160,peak_2,8,8,240,30
161,non_peak_1,4,4,480,120
161,non_peak_2,10,10,300,30
161,non_peak_3,5,5,180,36
161,peak_1,8,8,240,30
161,peak_2,8,8,240,30
162,non_peak_1,4,4,480,120
162,non_peak_2,10,10,300,30
162,non_peak_3,5,5,180,36
162,peak_1,8,8,240,30
162,peak_2,8,8,240,30
163,non_peak_1,4,4,480,120
163,non_peak_2,10,10,300,30
163,non_peak_3,5,5,180,36
163,peak_1,8,8,240,30
163,peak_2,8,8,240,30
164,non_peak_1,4,4,480,120
164,non_peak_2,10,10,300,30
164,non_peak_3,5,5,180,36
164,peak_1,8,8,240,30
164,peak_2,8,8,240,30
165,non_peak_1,4,4,480,120
165,non_peak_2,10,10,300,30
165,non_peak_3,5,5,180,36
165,peak_1,8,8,240,30
165,peak_2,8,8,240,30
166,non_peak_1,26,26,480,19
166,non_peak_2,50,50,300,6
166,non_peak_3,7,7,180,26
166,peak_1,43,43,240,6
166,peak_2,36,36,240,7
167,non_peak_1,25,25,480,20
167,non_peak_2,50,50,300,6
167,non_peak_3,6,6,180,30
167,peak_1,41,41,240,6
167,peak_2,51,51,240,5
